draw_rank,pro_question_id,runH_style_id,mmlu_parent,pro_category,pro_key_text,question_sha256_normalized,question_prefix
1,3160,mmlupro-test-3160,high_school_biology#222,biology,egg yolk,a7aa315160d09f3ccba5b357aa8f6bcfb6ab87c5f7621356194ed1a5d1d1eb6c,"In chick embryos, the extraembryonic membrane that provides nourishment to the f"
2,11224,mmlupro-test-11224,formal_logic#89,philosophy,Every apartment is bigger than some house.,146e4fd3fa7fc07bf017a991a888268320bbf8699b1d46148aa03ac68e95e460," Select the best English interpretation of the given proposition, using the foll"
3,11658,mmlupro-test-11658,electrical_engineering#56,engineering,resolution.,fd662cd27c365e13a5e00a8ff849d6669bdd8a9f44a7459940c271cc07590bef,The smallest change in measured variable to which instrument will respond is
4,5440,mmlupro-test-5440,global_facts#4,other,by 15 fold,e0cd824d370ee0a15232bf22adea86a6687db8bc9d62746972da61501cd7e3c4,"Controlling for inflation and PPP-adjustment, about how much did GDP per capita "
5,1342,mmlupro-test-1342,professional_law#909,law,"unconstitutional, because it constitutes a violation of the privileges and immunities clause under Article IV.",f52ad519c18620176c7f81803a33558f6da9b325730110c769e7494434bd8ba1,There is a thriving source of crawfish that live in a state. The state owns a fl
6,4916,mmlupro-test-4916,high_school_us_history#201,history,Conservative Republicans mobilized to defend traditional mores and curb government authority.,b148c9f6bff30ccdc306e7de10c9c2e447aa15f49c815f2b66111676f8e37265,"This question refers to the following information.
""The challenge of the next ha"
7,8119,mmlupro-test-8119,high_school_statistics#169,math,"We are 90% confident that politicians running for a congressional seat spend a mean dollar amount between $117,500 and $132,500.",e05f37709ee9b64aae2bafb295c3e5f396ce6b22638bd69648ddfd574ab7a4b6,"To determine the average cost of running for a congressional seat, a simple rand"
8,8272,mmlupro-test-8272,high_school_mathematics#10,math,2,79933d5ed332704f85d2171ef9f26a8483b579423ac55b7036583b11929e571b,Positive integers $x$ and $y$ have a product of 56 and $x < y$. Seven times the 
9,9718,mmlupro-test-9718,high_school_physics#60,physics,30 N,2cceb23ca338243f7db009cb5f969c4a95df908ae9179e3a5e86853430f3b123,"A textbook weighs 30 N at sea level. Earth’s radius is 6,400 km. Which of the fo"
10,11204,mmlupro-test-11204,world_religions#59,philosophy,God is eternal and merciful to those who offer worship,881790048e765dc39e4807f54979d39770d3cb82f71644c5b588b2f16e5a6f72,Which is one of the most fundamental themes of Japanese culture and civilization
11,7496,mmlupro-test-7496,high_school_macroeconomics#372,economics,The price level will decrease.,d5a6aaa35986bd5e76e1300701b4f97b5d39b93b664093ebad279845ba83ada1,If technology makes production less expensive and at the same time exports decre
12,10561,mmlupro-test-10561,machine_learning#100,computer science,P(B|A) decreases,0baf3cb6c6d46b7496786701f845825781297a72d2ba12ce1e0437d727b13bdc,"A and B are two events. If P(A, B) decreases while P(A) increases, which of the "
13,1555,mmlupro-test-1555,professional_law#1210,law,"not prevail, because the columnist was not involved in the burglary and did not conspire with the apprentice with respect to the burglary.",fed2ad6c984936e52ffdfff490cc03c4cf15c68e6caf758553fe67d7496fb7dd,A well-known Washington newspaper columnist was researching the background of a 
14,4824,mmlupro-test-4824,high_school_us_history#169,history,"The Twenty-first Amendment, which repealed the prohibition of alcohol",42fab20232e8ae080898c32d52840598f426496df08335e7ab9042afbf0ca1d9,"This question refers to the following information.
""Some men look at constitutio"
15,11220,mmlupro-test-11220,formal_logic#23,philosophy,Invalid. Counterexample when J is true and K and L are false,6708a9d13f6715c6c8cb22ce7d15430c98d3959b6a9531ca4eed6629b7fd3216," Construct a complete truth table for the following argument. Then, using the tr"
16,1780,mmlupro-test-1780,professional_law#252,law,"A merchant writes buyer offering to sell the widget for $35,000.",66ab0d9e347f1dfb68bd398fa0c0c664f797de0e9497953a7e7bf3787bd9b88a,Which of the following offers for the sale of widgets is not enforceable if the 
17,6657,mmlupro-test-6657,human_aging#211,health,Organismic,a7a41d31dc50ed1c009ee35d7ce3adf5b5f3fbd3be6eebbb0053cccdc5c9b8e1,If you believe that we are mostly in control of our own development and that our
18,7361,mmlupro-test-7361,high_school_macroeconomics#338,economics,Increase taxes with a matching increase in government spending.,72881a7b76d1d1471edbfdeedcce4ed08327970af51a7675d8ea2e34fe4c94f9,Which of the following fiscal policy combinations would be most likely to slowly
19,11287,mmlupro-test-11287,electrical_engineering#70,engineering,gross error.,040f5517ab77fa663c48aadedc443cf7883ffa6000d54a4ae3ee8d85312d0336,The errors mainly caused by human mistakes are
20,10634,mmlupro-test-10634,machine_learning#108,computer science,A bounding box with an IoU (intersection over union) equal to $3\%$ would likely be considered at false negative.,90b9652dd66005e35bcb0145812c21f078eaec1f678d74df838a88b51db6a3ef,Which of the following is false?
21,1559,mmlupro-test-1559,professional_law#1306,law,Bill can bind the partnership by his act.,ce11872c8170107de99eb2c1679d4c2c58f8712e6a0d1be5d27f9b447bd05c0c,Pete Smith is the active partner and Bill Jones is the silent partner in a gener
22,11270,mmlupro-test-11270,moral_disputes#244,philosophy,makes it hard to think and discuss the rights of drug users.,3cdf79196cc0e0e0e109c7cd2c0e65746e720c62df0dc2be07fcbc15ab3c93b8," Huemer worries that the employment of a ""war"" metaphor when describing governme"
23,1570,mmlupro-test-1570,professional_law#1503,law,a bilateral executory accord.,62c6cea4929c256d8dfc6485c9cdbffde8fc50405d5a6d84458ca061e0f9ff80,"A creditor loaned his friend $15,000 to help pay for the friend's daughter's col"
24,6443,mmlupro-test-6443,professional_medicine#174,health,Echocardiography,fc1e1913a691c1b8c27d8351b0626e839ba7ad723370d7a9fc3ef27df857b25f,A 5-year-old girl is brought to the physician by her parents for evaluation of r
25,263,mmlupro-test-263,marketing#73,business,Develop sales tactics.,9e12c7d10d81b2acaded29f03eb2b6645e9e87f38e551965c65441f120e7a105," According to the British Government, which of the following is not a marketing "
26,8388,mmlupro-test-8388,high_school_mathematics#143,math,90,bf7b87d54756faf01d8b174b45f3fbcf9aa36c17263e464df64b4a3b95ad14f6,The standard tip in a restaurant is $ 15 \%$ of the bill before tax. Many people
27,2466,mmlupro-test-2466,high_school_psychology#496,psychology,95,5ebd5c785c315a1c29ac399abb8c74c613696c37715524f7f5067e30b0ece12e,Approximately what percent of the population scores between 70 and 130 on the WI
28,10173,mmlupro-test-10173,conceptual_physics#184,physics,reduces by 4,c87fbc80ba2da52315a43051c7a225dd9bfe6da13350729989ab35c72a097434,"When an element ejects an alpha particle, the mass number of the resulting eleme"
29,1709,mmlupro-test-1709,professional_law#390,law,sustain the objection as an offer to pay the medical bills.,befd04eaa9f316f733b38778b614494be02ec49919f84a9285252f22d93df47e,"One day, while visiting a plastic surgery clinic for a routine Botox treatment, "
30,7155,mmlupro-test-7155,high_school_macroeconomics#206,economics,The United States begins to import rice to make up for a domestic shortage.,28e22572175b6000ad7e23c6795fb01cbc4b10f5b3062459e85a2a54eb89ef15,The United States produces rice in a competitive market. With free trade the wor
31,2149,mmlupro-test-2149,professional_psychology#438,psychology,there are aggressive cues in the environment.,505f1d6699c5b35399c329c39a8be05c8c58ee1333fc7c489c5dc24ebbe80810,Berkowitz (1971) revised the original frustration-aggression hypothesis by propo
32,2274,mmlupro-test-2274,professional_psychology#543,psychology,"in the later stages, each partner's behavior has become more predictable.",808df650ae3b6553817bc01674e848bda1ad75039220a106b91a953257305d72,Berscheid’s (1983) emotion-in-relationship model proposes that strong positive e
33,1626,mmlupro-test-1626,professional_law#889,law,"not guilty, provided that the legislative intent was not to make the purchase of shotguns a criminal offense.",417abff323db56c5c212fcd9b54591c734844e08f6bd4776f5b6ac44e30b5b33,A state has a statute prohibiting the sale of guns and ammunition to any person 
34,5118,mmlupro-test-5118,professional_accounting#103,other,"Not independent and, therefore, may issue a compilation report, but may not issue a review report.",0b4a9784cf07701d45e15a6bffacbc40f1119f5fa708d562bc88187907ca44d4,If requested to perform a compilation engagement for a nonissuer in which an acc
35,9425,mmlupro-test-9425,conceptual_physics#47,physics,0.8 N,0bc21af5a2774d88b0ad5db1cf36d31d37f0c0d07feb8d179573deea27df764e,The amount of air drag on an 0.8-N flying squirrel dropping vertically at termin
36,2572,mmlupro-test-2572,professional_psychology#282,psychology,Adler.,ae3ae3edb42bf08b67a42f03e5dd544a1ddb0657a83e22f9964919cf7cf53df4,"The notion that there are three major life tasks – friendship, occupation, and l"
37,5507,mmlupro-test-5507,security_studies#144,other,"Now of fundamental importance to peace studies as a field of research, the creation of journals was not a prominent feature of the peace studies until late in the twentieth century.",28fb47f8058d18bf42f27232ad8c41bd341f44d7661b7e748abb691d924d391b,Which of these statements cannot be applied to the initial development of peace 
38,8003,mmlupro-test-8003,abstract_algebra#41,math,0,11f37d8505bade1174f6e7865532b44d270c14b870b08ea138e1a668d89e2699,Find the characteristic of the ring Z_3 x 3Z.
39,6515,mmlupro-test-6515,nutrition#275,health,1.2-1.7 g protein per kg bodyweight per day,51de58be49b79223e4f3ac70aef3523d9e2f71b2383aa19dcea750343703a7a5,"How much dietary protein should athletes consume daily?
"
40,3331,mmlupro-test-3331,high_school_biology#236,biology,Short loops of Henle to maximize water secretion,de93a3e69c6e9de11e9e0b7878aac2707ddb530830b558310cf9a47edb79f0f6,Which of the following adaptive features would least likely be found in an anima
41,128,mmlupro-test-128,marketing#3,business,Performance-value.,dc56eb3e9fb2618e9503cabe29c9f453303044abcab79dd72448e814294aac8e,The extent to which a service envelops a product varies according to a number of
42,7495,mmlupro-test-7495,high_school_macroeconomics#360,economics,increases decreases surplus,3f36db74c6f0d4221607a0d51447a3cddd7fc1e1b4aec6e941ed6a82fc1640a8,In a long period of economic expansion the tax revenue collected ____ and the am
43,5299,mmlupro-test-5299,sociology#181,other,"the conscious part of the mind that regulates emotional drives on a practical, rational level",a57528862b9fc2e276de81260960bc0bdaf74fc93ead388156778773a3afa92b,Freud's notion of the 'ego' referred to:
44,4695,mmlupro-test-4695,high_school_european_history#77,history,Triple Entente (1907),740ae9e84a8b86bf9555be7527bcfbc9a2e92b2ac2ecf121b5407b5ec3ca4b43,"This question refers to the following information.
""The Government of the German"
45,10494,mmlupro-test-10494,machine_learning#109,computer science,A combination of ReLUs such as $ReLU(x) - ReLU(x-1)$ is convex.,90b9652dd66005e35bcb0145812c21f078eaec1f678d74df838a88b51db6a3ef,Which of the following is false?
46,7184,mmlupro-test-7184,econometrics#42,economics,VARs often produce better forecasts than simultaneous equation structural models,742ddabfa27e22d55768219ce9fbfa3a988dfd0c1ceb0817f3360b8ada9b818f,Which one of the following statements is true concerning VARs?
47,8775,mmlupro-test-8775,abstract_algebra#12,math,1,30c18cae3c0b921ea9c0ebefa8aaff169b7fad155ca6cf06d03e367576eadfaf,"Find the order of the factor group (Z_11 x Z_15)/(<1, 1>)"
48,1102,mmlupro-test-1102,professional_law#913,law,"admitted, because the marital communication privilege is inapplicable in a lawsuit involving the parties.",bd107cfe21a7d5aeea7eb9def8231cb67629e5a87be73ec30f1a8856679e1e01,A husband and his wife are involved in a contested divorce and child custody bat
49,2783,mmlupro-test-2783,high_school_psychology#524,psychology,phallic stage.,4241642f35a3cbe59dd6ef3b4b8a0b7f0297bafeefa309bb713cbc985ea09585,Erikson's initiative versus guilt stage is most closely related to Freud's
50,7223,mmlupro-test-7223,high_school_macroeconomics#84,economics,Net exports and GDP both fall.,e559b2428a872efe5d51a6c3761c059d6bc7cc096bd8d0734237b4a64cba0712,An American buys an entertainment system that was manufactured in China. How doe
