item_id,in_set_because,adj1_severity,adj1_type,adj1_origin,adj1_key,adj1_rationale,adj1_evidence,adj2_severity,adj2_type,adj2_origin,adj2_key,adj2_rationale,adj2_evidence,adj3_severity,adj3_origin,adj3_rationale,gold_defect,gold_strict,gold_type,gold_origin,gold_basis,A_flag,B_flag,C_flag,provisional
PRO-6169,flagged,probable,T3,O2,,"I accept the claims. In unfavourable mandibular body fractures, the elevators (masseter, temporalis, medial pterygoid) pull the posterior fragment upward, and the digastric depresses the anterior fragment. Added F (posterior fragment upward by masseter) is as correct as key I. Parent option J (posterior fragment medially by medial pterygoid) is also defensible for vertically unfavourable fractures.",StatPearls 'Mandible Fractures'; oral surgery texts: proximal segment displaced superomedially by elevators; anterior segment inferiorly by digastric.,probable,T2,O1,,"Accept claims. In unfavourable body fractures elevators (masseter, temporalis, medial pterygoid) pull the posterior fragment superomedially while digastric depresses the anterior. Parent option J (posterior medially) was already correct; added F (posterior upward by masseter) is also correct. Key I correct but not unique.","StatPearls 'Mandible Fractures': masseter, temporalis, medial pterygoid distract proximal segment superomedially; digastric/mylohyoid displace inferiorly.",probable,O2,"Both prior adjudicators agree on a defect; the question is origin. Key I (anterior fragment down by digastric) frames the horizontally unfavourable case. In that case the elevators (masseter, temporalis, medial pterygoid) pull the posterior fragment upward, so added F is equally correct. Parent J (medial pull) applies to vertically unfavourable fractures and is defensible but secondary. The decisive competitor F was added by MMLU-Pro, so origin is O2, not O1.",True,False,T3,O2,Adj-1 and Adj-2 agree,probable,probable,probable,yes
PRO-3542,flagged,confirmed,T2,O1,,"Accept the T2 claim. At fixed microwave frequency, Nα/Nβ = exp(-hν/kT), whatever the value of g. L-band (1-2 GHz) gives 0.99968-0.99984 and W-band (94 GHz) gives 0.98507. The key's 0.9850 is actually the W-band value, put at L-band, and no option has an L-band value near 0.9998. The defect is inherited, and the Redux annotator also flagged it.",Python: exp(-h*1.5e9/(k*300))=0.99976; exp(-h*94e9/(k*300))=0.98507.,confirmed,T2,O1,,"Accept the T2 claim. Nα/Nβ = exp(-hν/kT) does not depend on g at a fixed frequency. L-band (~1-2 GHz) gives ~0.9998, and W-band (~94 GHz) gives ~0.9851. Key A gives 0.9850 for L-band, which corresponds to ~94 GHz, and 0.9809 for W-band, which corresponds to ~120 GHz. No option is correct, and the defect comes from the parent. Redux also flagged clarity.",Python: exp(-h*1.5e9/(k*300))=0.99976; exp(-h*94e9/(k*300))=0.98507; 0.9809 corresponds to 120.5 GHz.,,,,True,True,T2,O1,Adj-1 and Adj-2 agree,probable,probable,confirmed,yes
PRO-9996,random clean check,none,T8,,E,"No claims. By classical equipartition, a 3D oscillator has 6 quadratic degrees of freedom (3 kinetic, 3 potential), each worth kT/2, for a total of 3kT. This matches GRE GR0177 #5, and Redux marked the item ok.",Equipartition: 6 x (1/2)kT = 3kT.,none,T8,,E,"No claims. Classical equipartition: 3D oscillator has 6 quadratic degrees of freedom (3 kinetic, 3 potential), each kT/2, giving 3kT.",Equipartition theorem: 6 x (1/2)kT = 3kT (GRE GR0177 #5).,,,,False,False,T8,,Adj-1 and Adj-2 agree,none,none,none,yes
PRO-5930,flagged,ambiguous,T3,O2,B,"I accept the claim as ambiguous. B is the clearest incorrect association. However, added C (New England, Latin Americans) and F (Florida, Native Americans) are not the standard textbook ethnic-region associations, since Florida is conventionally Hispanic/Cuban. Each still has some real basis (Puerto Rican and Dominican communities in New England; the Seminole in Florida), so experts could disagree.","AP Human Geography ethnic regions of North America (Rubenstein, Cultural Landscape): Southwest Hispanic/Native, Southeast African American, Quebec French.",ambiguous,T3,O2,B,Partly accept claim. B remains the clearest error (prairies: Ukrainians/Germans). But added C (New England—Latin Americans) and F (Florida—Native Americans) are both weak conventional associations; Florida is associated with Cuban/Latin Americans. Experts could argue a second 'not correct' option exists.,AP Human Geography ethnic regions (Rubenstein): Southwest—Hispanic/Native; Southeast—African American; Quebec—French; Florida—Cuban Americans.,,,,False,False,T8,,Adj-1 and Adj-2 agree,ambiguous,probable,none,yes
PRO-1735,random clean check,ambiguous,T3,O2,F,"No claims. Key F follows the source: the owner had terminated the service, so he owed no duty to supervise. Added H (owner had no control over the guard, an independent contractor) is a plausible alternative reason for 'not prevail' that some experts would accept. A, E and J are weak or wrong.","Restatement (Second) Torts §§409, 414 (employer of independent contractor generally not liable absent retained control).",none,T8,,F,"No claims. The owner had ended the service, so he owed no duty to supervise the company's guard at the time of the shooting. F is the best answer. The added option H (no control) is weaker and overbroad, and the 'prevail' options fail because the owner's own negligence is lacking.",Restatement (Second) Torts §§409-411 (employer of independent contractor; negligent selection/supervision).,,,,False,False,T8,,Adj-1 and Adj-2 agree,none,none,none,yes
PRO-940,flagged,probable,T3,O2,,"I accept the claim. Discharge by operation of law conventionally covers death or incapacity, insolvency, merger, supervening impossibility or illegality, and destruction of the subject matter. Added G (fulfillment means discharge by performance) and C (expiry of the term, by agreement) also do not terminate the contract by operation of law, so there are multiple correct answers.","Contract-law texts on modes of discharge: performance, agreement, breach, impossibility, operation of law (death, insolvency, merger, etc.).",probable,T3,O2,,"Accept claim. Fulfillment of contract (G) is discharge by performance, not by operation of law; expiration of term (C) is discharge by lapse of time/agreement. Partial performance does not discharge at all, but G is also literally correct for 'will not terminate by operation of law'.","Contract discharge taxonomy (e.g., Indian Contract Act texts; Anson): performance, agreement, operation of law (death, insolvency, merger), impossibility, breach.",,,,True,False,T3,O2,Adj-1 and Adj-2 agree,none,probable,ambiguous,yes
PRO-5549,random clean check,none,T8,,J,"No claims. The Indianapolis 500 is held on Memorial Day weekend. None of the added options (Stanley Cup Finals, Masters, Kentucky Derby, etc.) is held annually on that weekend.",Indianapolis Motor Speedway: Indy 500 traditionally run Sunday of Memorial Day weekend.,none,T8,,J,"No claims. The Indianapolis 500 is held annually on Memorial Day weekend. The other events (Kentucky Derby on the first Saturday in May, Daytona 500, Masters, Super Bowl, etc.) are not.",Indianapolis Motor Speedway: Indy 500 run Sunday of Memorial Day weekend.,,,,False,False,T8,,Adj-1 and Adj-2 agree,none,none,none,yes
PRO-6268,flagged,confirmed,T3,O2,,"I accept both claims. Added B (95-100%) denotes effectively the same range as key A (>95%), so both are equally correct. I classify this as T3 because the duplicate-like option is new; T7 also fits. Fats are about 95-99% triacylglycerols.",Nutrition texts: dietary fats/oils are ~95-98% triacylglycerols; >95% and 95-100% overlap almost entirely.,confirmed,T3,O2,,"Accept claims. Added option B '95-100%' denotes essentially the same interval as key '>95%' (percentages cannot exceed 100). Fats are ~95-99% triacylglycerols, so both A and B are correct; classified T3 because the duplicate is a NEW option.","Interval equivalence: >95% of a percentage = (95,100]; nutrition texts: TAG ~95%+ of dietary fat.",,,,True,True,T3,O2,Adj-1 and Adj-2 agree,probable,confirmed,probable,yes
PRO-1496,flagged,ambiguous,T3,O2,C,"Accept the claim as ambiguous. The key C is right: preliminary consultations with a prospective client are privileged, and a parent present for a minor does not destroy confidentiality. Added option D (privilege survives even if a different attorney is hired) is also a true reason for inadmissibility, so an expert might accept it. Added options I and J are wrong.","FRE 501 common-law privilege; ABA Model Rule 1.18 (prospective clients); Restatement (Third) Law Governing Lawyers §§70,72.",ambiguous,T3,O2,C,"Partly accept the T3 claim. C is correct: preliminary consultations with a prospective client are privileged, the parent's presence for a minor does not waive privilege, and suing does not waive attorney-client privilege. The added option D's reason (privilege survives hiring other counsel) is also a true statement that leads to inadmissibility. C is still the more complete reason, so I rate this ambiguous rather than defective.",FRE 501 common-law privilege; ABA Model Rule 1.18 (prospective clients); Restatement (Third) Law Governing Lawyers §70.,,,,False,False,T8,,Adj-1 and Adj-2 agree,none,ambiguous,none,yes
PRO-11740,random clean check,none,T8,,D,"No claims. Each machine gives 20/0.16 = 125 MVA, and four in parallel give 500 MVA. The key D is correct.",Calculation: SC MVA = 4 x 20/0.16 = 500 MVA (python).,none,T8,,D,"No claims. Recomputed: four 0.16 pu reactances in parallel give 0.04 pu on a 20 MVA base. Short-circuit level = 20 / 0.04 = 500 MVA, matching key D.",Calculation: X_eq=0.16/4=0.04 pu; SCL=20 MVA/0.04=500 MVA.,,,,False,False,T8,,Adj-1 and Adj-2 agree,none,none,none,yes
PRO-4928,random clean check,none,T8,,B,"No claims. Lavish grave goods with Sungir children, who could not have earned status, are the standard textbook evidence for ascribed or inherited status. Added option D (ancestor offerings) is speculative and not the standard interpretation.","Standard prehistory texts (e.g., Fagan/Scarre) on Sungir burials and ascribed status.",none,T8,,B,No claims. Archaeologists standardly read the lavish grave goods with the Sungir children (thousands of ivory beads and other items) as evidence of ascribed or inherited status. The added option D (ancestor-worship offerings) is speculative and not the standard reading.,"Standard prehistory texts (e.g., Scarre, The Human Past) on Sungir burials and ascribed status.",,,,False,False,T8,,Adj-1 and Adj-2 agree,none,none,none,yes
PRO-6379,random clean check,none,T8,,B,"No claims. The patient has recurrent ischemic chest pain with normal BP, so the immediate treatment is sublingual nitroglycerin, which acts by increasing NO and cGMP. The option set is identical to the parent.",ACC/AHA chest pain/ACS guidelines: sublingual nitroglycerin for ongoing ischemic pain.,none,T8,,B,"No claims. The vignette describes recurrent ischemic chest pain with normal blood pressure. The immediate treatment is sublingual nitroglycerin, a nitric oxide donor. The options are unchanged from the parent.",ACC/AHA ACS guidelines: sublingual nitroglycerin for ongoing ischemic chest pain.,,,,False,False,T8,,Adj-1 and Adj-2 agree,none,none,none,yes
PRO-11130,flagged,probable,T1,O1,I,"I accept the claim. Hourdequin's Confucian model rests on relational persons and self-cultivation as the basis of social change, which contradicts key D ('autonomy of individuals apart from others'). Parent option I (coercion cannot produce real social change involving changes of mind) fits the argument. The wrong key is inherited from MMLU.","Hourdequin, 'Climate, Collective Action and Individual Ethical Obligations', Environmental Values 2010: relational self, self-cultivation as basis for social change.",probable,T1,O1,I,"Accept claim. Hourdequin's Confucian model uses a relational conception of persons and self-cultivation as basis for social change; 'autonomy of individuals apart from others' contradicts it. Option I (coercion cannot produce real change, which involves changes of mind) matches the Confucian emphasis on virtue over punishment. Wrong key inherited from parent.","Hourdequin 2010, Environmental Values: 'Confucian, relational conception of persons'; self-cultivation as basis for social change (article preview); Analects 2.3.",,,,True,False,T1,O1,Adj-1 and Adj-2 agree,probable,probable,probable,yes
PRO-5449,random clean check,ambiguous,T3,O2,H,"No claims. Dun & Bradstreet is the classic answer and the key. However, the added option A (Equifax) also runs a major commercial/business credit reporting service, so an expert might accept it as 'an important source'. D&B is still the best answer, so this is only ambiguous. The other added options (Moody's, SBA, BBB) are clearly weaker.",General knowledge: Equifax Commercial/business credit reports; D&B Paydex business credit ratings.,ambiguous,T3,O2,H,"No claims. Dun & Bradstreet is the classic business-credit reporting source, so H is the intended and best answer. The added option Equifax (A) also sells commercial/business credit reports today, so some experts might accept it. Moody's rates debt issuers, not retail businesses generally. I am flagging this only as ambiguous.",General knowledge: D&B commercial credit reports and Equifax business credit reports are both commercial products.,,,,False,False,T8,,Adj-1 and Adj-2 agree,none,none,none,yes
PRO-1361,flagged,ambiguous,T3,O2,C,"Accept the claim as ambiguous. Key C (libel per se, so no special damages are needed) answers the defense directly. Added J (valid defamation per se claim, defense invalid) says nearly the same thing. Added F (negligence suffices for a private figure under Gertz) is also defensible, so experts may accept several 'No' options. A is wrong because the article is libel, not slander.","Restatement (Second) Torts §569; Gertz v. Robert Welch, 418 U.S. 323 (1974).",probable,T3,O2,,"Accept the T3 claim. C is the textbook answer: an imputation of a loathsome disease is libel per se, and special damages are not needed. The added option J ('valid claim for defamation per se, defense invalid') states the same conclusion. The added option F is also correct for a private figure under Gertz, where negligence suffices. Several answers are defensible.","Restatement (Second) Torts §§569, 572; Gertz v. Robert Welch, Inc., 418 U.S. 323 (1974).",probable,O2,"Side with X. A written imputation of a loathsome disease is libel per se, and the claim survives without special damages (key C). Added J ('valid claim for defamation per se; defense invalid') is a correct statement of the same holding that an expert grader would accept. F is arguable under Gertz but complicated by presumed damages. A is wrong because the article is libel, not slander.",True,False,T3,O2,Adj-3 tiebreak,none,ambiguous,none,yes
PRO-6599,flagged,probable,T3,O2,,"Accept the claim. Male-to-male transmission excludes X-linked inheritance and is a hallmark of autosomal dominant pedigrees. But Y-linked inheritance, added as G, is defined by exclusive father-to-son transmission, so it is at least as correct. The parent's four options had no such competitor, so the problem comes from the added option.",MedlinePlus Genetics 'Inheritance patterns'; standard genetics texts: Y-linked traits pass only father to son.,probable,T3,O2,,"Accept the substance of the claim. Male-to-male transmission is a key feature of autosomal dominant pedigrees because it excludes X-linkage. However, the added option G (Y-linked) is defined by exclusive father-to-son transmission, so a genetics expert would accept G as at least equally correct. The added option creates a second correct answer.","Standard medical genetics texts (e.g., Thompson & Thompson; Emery's): Y-linked traits transmitted only male to male.",,,,True,False,T3,O2,Adj-1 and Adj-2 agree,probable,probable,probable,yes
PRO-1241,flagged,ambiguous,T3,O2,I,"I accept the claims as ambiguous. Paying rent in 2000-02 acknowledged the owner's title and broke hostility, so the clock restarted in 2002 and only 9 years had run by 2011. Added A ('statutory period had not been met') is therefore also a true statement, though I gives the operative reason that the item tests.",Adverse possession: acknowledgment of the true owner's title (paying rent) interrupts hostility. 2002 to 2011 = 9 years < 20.,ambiguous,T3,O2,I,"Accept claims as ambiguous. Paying rent 2000-2002 acknowledged title, breaking hostility; clock restarts 2002, 9 years by 2011. Added A ('statutory period had not been met') is therefore also true; I gives the operative reason. Experts could accept A.","Adverse possession: acknowledgment of owner's title interrupts hostile possession; 1990-2000=10 yrs, 2002-2011=9 yrs.",,,,False,False,T8,,Adj-1 and Adj-2 agree,ambiguous,probable,ambiguous,yes
PRO-1271,flagged,probable,T3,O2,,"Accept the claim in part. Under Lovasco and Marion, investigative delay made in good faith does not violate due process even when it causes actual prejudice. Added H ('prosecutor had a valid reason to delay') states the same dispositive rationale as key E, so an expert would accept it. Added A is a vaguer conclusion. G and D are wrong because the statute of limitations is not the only limit.","United States v. Lovasco, 431 U.S. 783 (1977); United States v. Marion, 404 U.S. 307 (1971).",ambiguous,T3,O2,E,"Partly accept the T3 claim. Under Lovasco, good-faith investigative delay does not violate due process even when it causes prejudice, so E is correct. The added option H ('valid reason to delay') states much the same rationale, and the added option A is a true but vague conclusion. D (the original distractor) is wrong because Marion allows due-process limits within the statute of limitations. E remains the best answer.","United States v. Lovasco, 431 U.S. 783 (1977); United States v. Marion, 404 U.S. 307 (1971).",probable,O2,"Side with X. Under Lovasco, delay for a legitimate investigative purpose (here, identifying the accomplice) does not violate due process even with actual prejudice. Added H ('denied, prosecutor had a valid reason to delay') states the same dispositive rationale as key E, so an expert would accept it. Added A is also true but vague. D and G are wrong because Marion allows due-process limits within the limitations period.",True,False,T3,O2,Adj-3 tiebreak,none,none,ambiguous,yes
PRO-5155,flagged,probable,T3,O2,,"Accept both claims in substance. The source's levels run from household/community/nation-state to global. 'The office' is keyed as not a level because it is an organisation or setting. The added options E (church) and F (school) are equally organisations or institutions rather than levels, so they are equally correct answers to a 'not' stem. The parent was fine.",Fulcher & Scott Sociology ch.1 (OUP MCQ source); typical scale levels: household-community-city-region-nation-continent-global.,probable,T3,O2,,"Accept the T2/T3 claims, classified as T3. The source framework (Fulcher & Scott) treats levels of society as territorial: household, community, city, region, nation state, continent, global. Office, church and school are all organisations or institutions, not levels. The added options E (church) and F (school) are therefore as correct as the key J, so the item has no unique answer.","Fulcher & Scott, Sociology (OUP), ch.1 on levels of society; upstream OUP MCQ ch01.",,,,True,False,T3,O2,Adj-1 and Adj-2 agree,ambiguous,probable,ambiguous,yes
PRO-1145,random clean check,none,T8,,J,"No claims. Under transferred intent, firing a gun at a person (intent to wound, depraved-heart disregard of life in a crowd) supports malice-based murder of the unintended victim. Murder is the standard bar answer, and no added option competes with it. The version-history changes are only reordering.","Common-law malice: intent to cause serious bodily injury or depraved-heart recklessness; transferred intent doctrine (LaFave, Criminal Law).",none,T8,,J,No claims. Firing a gun at a person with intent to wound shows intent to cause serious bodily harm/depraved heart; transferred intent makes killing the teammate murder. Attempted murder needs specific intent to kill; manslaughter options are lesser. Key change E->J reflects only option reordering of 'Murder'.,"Common-law malice: intent to inflict serious bodily harm and deadly-weapon inference; transferred intent doctrine (LaFave, Criminal Law).",,,,False,False,T8,,Adj-1 and Adj-2 agree,none,none,none,yes
PRO-1420,flagged,ambiguous,T2,O1,H,"Accept the claim's caveat. The key follows the source's 'character directly in issue' rationale. But the defendant's dishonesty is not an element of malicious prosecution, and using it to prove fabrication looks like propensity barred by FRE 404(a), unless he testifies (608). Experts could disagree, and no 'No' option states the propensity rule cleanly. The Feb-2026 revision only re-lettered the options and kept the same key text.","FRE 404(a), 405(b), 608; malicious prosecution elements (Restatement (Second) Torts §653).",ambiguous,T1,O1,,"I accept that this is legally doubtful. The student's character for dishonesty is not an element of malicious prosecution. Using it to show that he fabricated the complaint is propensity reasoning that FRE 404(a) bars. 'Character directly in issue' (H) is questionable, and none of the 'No' options gives the right reason. The Feb-2026 change was only a reorder (same key text), not a defect.","FRE 404(a)(1), 405(b); Restatement (Second) Torts §653 elements of malicious prosecution.",,,,False,False,T8,,Adj-1 and Adj-2 agree,none,ambiguous,none,yes
PRO-2530,flagged,probable,T3,O2,,"I accept both claims. Added option B (following a dress code) is purely a cultural norm and at least as good an example as punctuality (C). Food preference (E) is also largely cultural. The parent's other options were biological drives, so C was unique there; the added distractors create a second correct answer.","Cultural norms (dress, time orientation) per cross-cultural psychology texts (e.g., Hall's monochronic/polychronic time; dress norms).",probable,T3,O2,,"Accept claims. Added option B (following a dress code) is purely a cultural norm, at least as clear an example as punctuality; E (food preferences) is largely cultural too. Parent options were biological drives plus punctuality; added options create competing correct answers.",Dress codes and punctuality norms both vary across cultures (cross-cultural psychology); neither is biologically based.,,,,True,False,T3,O2,Adj-1 and Adj-2 agree,probable,probable,probable,yes
PRO-7027,random clean check,none,T8,,B,No claims. In the expenditure identity X is net exports (exports minus imports). No added option competes with the key.,"Standard macroeconomics: GDP = C + I + G + NX, NX = X - M.",none,T8,,B,"No claims. In the expenditure identity GDP = C + I + G + X, X is net exports (exports minus imports). No added option competes.","Standard macroeconomics expenditure approach (e.g., Mankiw, Principles of Economics).",,,,False,False,T8,,Adj-1 and Adj-2 agree,none,none,none,yes
PRO-936,flagged,confirmed,T1,O1,A,"Accept T1 claim. Cooper v. Oklahoma held a clear-and-convincing burden on the defendant to prove incompetence violates due process; Medina v. California permits placing a preponderance burden on the defendant. So the appeal is granted for the reason in A. Key D wrongly says the prosecution must bear the burden. The parent key had the same error, so it is inherited.","Cooper v. Oklahoma, 517 U.S. 348 (1996) (law.cornell.edu); Medina v. California, 505 U.S. 437 (1992).",confirmed,T1,O1,A,"Accept T1 claim. Cooper v. Oklahoma held a clear-and-convincing burden on the defendant to prove incompetence violates due process; Medina v. California allows a state to put a preponderance burden on the defendant. A states this correctly. D's premise that the prosecution must bear the burden contradicts Medina. The parent key (parent A, now D) was already wrong.","Cooper v. Oklahoma, 517 U.S. 348 (1996); Medina v. California, 505 U.S. 437 (1992) (law.cornell.edu).",,,,True,True,T1,O1,Adj-1 and Adj-2 agree,probable,confirmed,confirmed,yes
PRO-11215,random clean check,none,T8,,G,"No claims. In meaning-of-life literature, externalist (supernaturalist) views locate meaning in God or something outside the person, and the source OUP companion keys 'religious'. The added 'spiritual' is close but less precise, so it is not an equal competitor. Redux marked the item ok.","Metz, 'The Meaning of Life', Stanford Encyclopedia of Philosophy: supernaturalist (God-centred) theories; OUP companion source.",none,T8,,G,"No claims. Source (OUP companion, Vaughn ch.9 meaning of life) frames externalist (supernaturalist) views as religious; internalist views as secular/nonreligious. Added 'spiritual' is near but not the textbook term; not material.","Vaughn, Philosophy Here and Now, ch.9: externalism = meaning conferred by God, a religious standpoint.",,,,False,False,T8,,Adj-1 and Adj-2 agree,none,none,none,yes
PRO-1063,flagged,probable,T3,O2,,"I accept both claims. A tenant's possession during the lease (to 1992) is permissive absent clear repudiation, and nonpayment alone is not repudiation, so only about 17 years had run by 2009. Added option G ('statutory period not yet reached') is therefore correct under majority doctrine, competing with conditional key A.",Adverse possession doctrine: tenant's possession not hostile to landlord during term absent clear repudiation (Powell on Real Property; Restatement). 1992 to 2009 = 17 < 20.,ambiguous,T3,O2,A,"Partly accept claims. Tenant's possession during 7-year term (to 1992) is permissive; nonpayment is not repudiation. From 1992, 20 years not elapsed by 2009, so added G is a defensible ground. But action date is unstated, so G is not decisively true; A reflects the intended permissive-possession reasoning.",Adverse possession: tenant's possession not hostile during lease absent clear repudiation; 1992+20=2012 > 2009.,probable,O2,"Side with Y. Under majority doctrine a tenant's possession is permissive during the lease term (to 1992), and nonpayment alone is not a clear repudiation, so the 20-year period cannot run out before 2012. The suit is implicitly brought in 2009, so added G is an unconditional correct ground. Conditional A was intended, but an expert would also accept G. X's point about the unstated action date is weak because the facts point to 2009.",True,False,T3,O2,Adj-3 tiebreak,ambiguous,probable,none,yes
PRO-10669,random clean check,none,T8,,B,"No claims. I verified that ReLU' = 0 for x<0 and sigmoid' = s(1-s) <= 1/4 (maximum at x=0). Sigmoid' is continuous, and ReLU' jumps from 0 to 1 at x=0. Both statements are true. The added options are odd but none is correct.","Calculation: d/dx sigma = sigma(1-sigma), maximum 0.25 at x=0; ReLU' = step function, discontinuous at 0.",none,T8,,B,No claims. ReLU gradient is 0 for x<0; sigmoid derivative max is 1/4 at x=0. Sigmoid derivative is continuous; ReLU derivative jumps from 0 to 1 at 0. Both true. Added hedged options are not correct.,max s(1-s)=0.25 at s=0.5; ReLU'(x)=step function.,,,,False,False,T8,,Adj-1 and Adj-2 agree,none,none,none,yes
PRO-2385,flagged,ambiguous,T3,O2,I,"The claim is partly accepted. Key I (colleague takes emergency calls) is standard practice. Added J (colleague provides emergency sessions while regular sessions pause) is substantively similar coverage, and some experts would accept it. G (advance notice) is good but incomplete. This leaves the item ambiguous rather than clearly defective.",APA Ethics Code 3.12 / 10.09: make reasonable arrangements for client care during interruption of services.,ambiguous,T3,O2,I,Partly accept claim. Standard answer is arranging emergency coverage with a colleague and giving clients the contact (I). Added J (colleague provides emergency sessions while regular appointments paused) is substantively the same arrangement; some experts would accept it. G alone is insufficient.,APA Ethics Code 3.12/10.09: make reasonable efforts to provide for care when services are interrupted.,,,,False,False,T8,,Adj-1 and Adj-2 agree,ambiguous,ambiguous,ambiguous,yes
PRO-6154,flagged,probable,T2,O1,,"I accept the claims that D is equally or more correct. Since D was a parent option, the defect is inherited (O1), not T3. Senescence is standardly defined as biological aging, the gradual deterioration of function. Key I ('increased vulnerability') reflects one textbook framing (rising mortality risk). Experts would accept D, so there is no unique answer.",Wikipedia 'Senescence': 'Senescence or biological aging is the gradual deterioration of functional characteristics in living organisms.',probable,T2,O1,,Accept claims (T2 rather than T3: D and E were in parent). Standard definition of senescence is biological aging/gradual functional deterioration (D); key I reflects one gerontology textbook's framing (increased vulnerability/mortality). Experts would accept D.,Wikipedia 'Senescence': 'Senescence or biological aging is the gradual deterioration of functional characteristics'; Merriam-Webster.,,,,True,False,T2,O1,Adj-1 and Adj-2 agree,ambiguous,probable,probable,yes
PRO-1324,flagged,ambiguous,T3,O2,B,"I accept the claim as ambiguous. False pretenses (obtaining title to $200 by misrepresentation) is correct, and solicitation and attempted sale fail for lack of intent to distribute narcotics. Added H ('theft by deception') is the MPC/modern statutory name for the same conduct, so some experts would accept it. Under a common-law framing, B is the preferred answer.",Model Penal Code 223.3 (theft by deception consolidates false pretenses).,ambiguous,T3,O2,B,"Partly accept claim. False pretenses (obtaining title to $200 by known misrepresentation) is correct; no attempt since no intent to sell narcotics. Added H 'theft by deception' is the MPC/modern consolidated name for the same conduct; some experts would accept it, though common-law framing favors B.",MPC 223.3 theft by deception; LaFave on false pretenses.,,,,False,False,T8,,Adj-1 and Adj-2 agree,ambiguous,ambiguous,ambiguous,yes
PRO-4933,flagged,probable,T6,O4,B,"Accept T6 claim. Current scholarship puts the earliest occupation at about 50 ka (O'Connell & Allen ~47-50 ka) up to 65 ka (Madjedbebe, Clarkson 2017). 'Soon after 40,000' reflects an older view, likely from the upstream OUP quiz. Added option B (~50,000) best matches today's minimum consensus. A (60 ka) is a contested alternative.","Wikipedia 'Prehistory of Australia'; Clarkson et al. 2017 Nature 'Human occupation of northern Australia by 65,000 years ago'.",probable,T6,O1,B,"Accept T6 claim. Current mainstream consensus puts the earliest occupation of Australia at about 50 ka or earlier: O'Connell & Allen give ~47-50 ka, and Madjedbebe gives ~65 ka, though that date is contested. 'Soon after 40,000' reflects older views. The added option B (~50,000) fits current consensus best. The Redux 'ok' label does not settle this.",Wikipedia 'Prehistory of Australia'; Clarkson et al. 2017 Nature 547:306 (Madjedbebe ~65 ka); O'Connell & Allen 2015.,,,,True,False,T6,O4,Adj-1 and Adj-2 agree,probable,probable,probable,yes
PRO-5502,random clean check,none,T8,,B,"No claims. Warlordism, coups and strongmen are internal threats arising within the weak state, while a refugee influx is external, so B is the odd one out, consistent with security-studies textbooks on weak states. The options are unchanged from the parent.","Collins (ed.), Contemporary Security Studies, weak-state chapter: internal threats (warlords, coups, strongmen).",none,T8,,B,"No claims. Warlordism, coups and strongmen are internal threats arising from weak state institutions; refugee influx is an external/transnational threat, the odd one out. Option set unchanged from parent.","Weak-state security literature (e.g., Collins, Contemporary Security Studies): internal threats to regime/state from within.",,,,False,False,T8,,Adj-1 and Adj-2 agree,none,none,none,yes
