item_id,verdict,defect_type,severity,confidence,origin,suggested_key,reason,evidence,n_lookups,own_answer,batch
PRO-4944,no_defect,T8,none,0.85,,G,"The petition documents hand workers being displaced by machines. The Luddites were active in 1811-16 (19th century), and the petition does not concern unions, revolution or child labour.",Wikipedia 'Luddite'; Fordham sourcebook 1786 petition,1,G,C2
PRO-1087,no_defect,T8,none,0.85,,C,"The owner is liable for a hazard he did not know about only on constructive notice, which requires the hazard to have existed long enough to be discovered. E omits the notice requirement, and G ignores constructive notice.",Premises liability constructive notice doctrine,1,C,C2
PRO-6169,defect,T2,probable,0.7,OU,,"In unfavourable body fractures the posterior fragment is pulled superomedially by masseter, temporalis, medial pterygoid, and the anterior fragment downward by digastric. F, J and key I are all correct statements; no basis to prefer I.",StatPearls Mandible Fractures: masseter/temporalis/medial pterygoid distract proximal segment superomedially; digastric/mylohyoid displace inferiorly.,2,F,C4
PRO-3542,defect,T2,confirmed,0.85,OU,,"Na/Nb = exp(-h nu/kT), independent of g at fixed frequency. L-band (~1-2 GHz) gives ~0.9998; W-band (94 GHz) gives ~0.9851. No option matches; key A puts the W-band value at L-band and 0.9809 at W-band.",exp(-h*1e9/k*300)=0.99984; exp(-h*94e9/k*300)=0.98507; via B: g muB B/kT at 3.35 T gives 0.9847. Bruker band list.,1,none,C4
PRO-1996,no_defect,T8,none,0.92,,B,Negative (deviation-reducing) feedback maintains family homeostasis; standard family systems terminology.,Family systems theory: negative feedback = homeostasis/deviation-minimizing.,1,B,C1
PRO-4842,no_defect,T8,none,0.85,,A,"Ceibal construction predates La Venta's rise, so La Venta could not be the prevailing influence; does not prove purely internal development, so C is wrong.","UArizona news 2013 on Inomata et al., Science.",2,A,C3
PRO-1438,no_defect,T8,none,0.85,,F,"Assault requires reasonable apprehension; plaintiff believed gun unloaded and learned only later, so no apprehension and no harm.",Restatement assault requires contemporaneous apprehension.,0,F,C1
PRO-10110,no_defect,T8,none,0.95,,J,"Recomputed by two routes. The invariant mass gives (E+mc^2)^2 - E^2 = 9m^2c^4, so E = 4mc^2. Numerically solving energy and momentum conservation for the shared speed also gives E = 4mc^2.",python: invariant mass and numeric conservation both = 4,1,J,C2
PRO-2863,no_defect,T8,none,0.95,,H,"Calvin cycle uses ATP and NADPH, yielding ADP, NADP+ and G3P sugar.",Calvin cycle (Wikipedia).,1,H,C1
PRO-5096,no_defect,T8,none,0.6,,B,"~230 president-years (7.3e9 s) over ~644M people who ever lived in US gives ~11 s; dividing by current population gives ~22 s, so mild ambiguity but 10 s fits 'average citizen'.",LessWrong estimate 644M; python 7.26e9/6.44e8=11.3 s; /3.3e8=22 s.,2,B,C1
PRO-10989,no_defect,T8,none,0.97,,A,"Premise 3 forces K true, J false; then H false, so I false; conclusion I=J true. No counterexample: valid.",Brute-force truth table over 16 rows: zero counterexamples.,0,A,C4
PRO-9052,no_defect,T8,none,0.95,,C,"qE along +x; qv x B = z x y = -x. Balanced at v; at 2V speed rises by sqrt2, magnetic force exceeds electric, net -x.","Vector calc: E + sqrt2 v x B = (-0.414,0,0).",0,C,C4
PRO-9996,no_defect,T8,none,0.93,,E,Classical equipartition: 6 quadratic terms x kT/2 = 3kT.,Equipartition theorem (LibreTexts 18.11); 3 KE + 3 PE quadratic terms.,1,E,C4
PRO-2936,no_defect,T8,none,0.88,,D,"Random mating with recombination erodes LD; asexuality, coadapted complexes and epistatic selection maintain it.",Population genetics textbook.,0,D,C1
PRO-5930,no_defect,T8,none,0.55,,B,"Prairie provinces have negligible African American association, clearly incorrect. F (Florida-Native Americans) is debatable (Florida more Hispanic) but Seminole presence makes it defensible; B remains best.",Parks Canada/BlackPast: only small Black Oklahoman migration to prairies 1905-12.,1,B,C3
PRO-1735,no_defect,T8,none,0.8,,F,"Owner terminated the service; guard not acting for owner, so no negligent-supervision liability.",Torts reasoning (employer/hirer liability requires relationship at time).,0,F,C3
PRO-7631,no_defect,T8,none,0.8,,F,"Deficit-financed debt raises interest rates, attracting foreign capital, increasing demand for dollars and appreciating it (AP Macro standard).",Standard loanable funds/forex model; reasoning.,0,F,C3
PRO-10651,no_defect,T8,none,0.97,,H,3e6*400*50*10*5 = 3e12 bytes ~ 3 TB.,Python: 3e6*400*50*10*5=3.0e12; log10 route: 6.48+2.6+1.7+1+0.7=12.48.,0,H,C1
PRO-6407,no_defect,T8,none,0.65,,J,"In McAdams-style levels, traits are most stable; personal concerns (goals, characteristic adaptations) change most with age. Key plausible.",McAdams levels framework (Evora repository paper on stability and change; aging textbook flashcards).,1,J,C4
PRO-940,defect,T3,ambiguous,0.55,O2,D,"D (partial performance) is intended. But added options C (expiration of term) and G (fulfillment) terminate by terms/performance, not by operation of law, so they also arguably answer 'will not terminate by operation of law'.","Contract discharge taxonomy: performance, agreement, breach, impossibility, operation of law (death, insolvency, merger) - iPleaders/UGC MOOC texts.",1,D,C4
PRO-5841,no_defect,T8,none,0.85,,D,Substantive test of option grants: vouch/trace grant to board authorization. Other options are inquiries or irrelevant procedures.,Standard auditing (AU-C 500 authorization/occurrence assertions); reasoning only.,0,D,C3
PRO-5549,no_defect,T8,none,0.93,,J,"Indianapolis 500 is run on Memorial Day weekend; Kentucky Derby is first Saturday in May, others not in late May.",Indianapolis 500 Wikipedia: held Memorial Day weekend.,1,J,C1
PRO-3112,no_defect,T8,none,0.97,,J,Growth response to touch/contact is thigmotropism.,Standard botany.,0,J,C3
PRO-3489,no_defect,T8,none,0.95,,I,Independent births; P(male) ~1/2.,Basic probability.,0,I,C1
PRO-4898,no_defect,T8,none,0.85,,F,"Athenian participation limited to adult male citizens by birth (Periclean law 451 BCE: both parents Athenian); women, metics, slaves excluded.",Wikipedia Pericles (citizenship law 451 BC).,1,F,C4
PRO-6268,defect,T7,probable,0.6,O2,A,"'> 95%' (A) and '95-100%' (B) are near-equivalent ranges, and both match the fact that fats are about 95-98% triacylglycerol. There is no principled way to prefer A over B.",LipidMaps/Human Kinetics: TAGs ~95%+ of dietary fats,1,A,C2
PRO-1210,no_defect,T8,none,0.7,,C,Owner knew of trespassers (discovered/known) and of the dangerous artificial condition; duty to warn known trespassers. G is a looser restatement but C states the governing rule.,"Restatement (Second) Torts s.337 known trespassers, artificial conditions; Lee v. CTA.",1,C,C4
PRO-2529,no_defect,T8,none,0.85,,E,Reward after fixed number (10) of responses = fixed-ratio; H and I are true but less specific.,Standard learning theory.,0,E,C3
PRO-1496,no_defect,T8,none,0.6,,C,"Privilege covers preliminary consultations with a prospective client, and a parent's presence for a minor does not waive it. D is true but narrower, so C remains the best answer.",Prospective-client privilege; NC 2005 FEO 4 (parent of minor),1,C,C2
PRO-7369,no_defect,T8,none,0.85,,D,"The kinked demand curve consists of two segments with a kink, which makes marginal revenue discontinuous, so D is the incorrect statement. The model assumes no price leader, and price exceeds MC.",Wikipedia 'Kinked demand'; Sweezy model,1,D,C2
PRO-11740,no_defect,T8,none,0.95,,D,"Each: 20/0.16=125 MVA; four in parallel: X=4%, 80/0.16=500 MVA.",Two routes: per-unit combined reactance and sum of individual SC levels.,0,D,C3
PRO-4928,no_defect,T8,none,0.85,,B,Lavish grave goods with children who could not have earned status suggest inherited/ascribed status.,Sungir Wikipedia: child burials with thousands of beads interpreted as ascribed status.,1,B,C1
PRO-8809,no_defect,T8,none,0.95,,D,"6/k+4/j=1 and 4.5/k+6/j=1 give k=9, j=12; together 1/9+1/12=7/36 -> 36/7 days.",Solved linear system by elimination and verified via python/fractions.,0,D,C3
PRO-5897,no_defect,T8,none,0.98,,H,John Paul I (Aug-Sep 1978) immediately preceded John Paul II.,Wikipedia/Britannica John Paul I.,1,H,C4
PRO-6628,no_defect,T8,none,0.85,,D,"Endurance training increases IMTG storage and use and spares muscle glycogen; A and C reversed, B not a key adaptation.",Substrate oxidation training studies (PMC7551624; endocrine-abstracts ea0028s5.2).,1,D,C4
PRO-6379,no_defect,T8,none,0.9,,B,"Recurrent angina (likely unstable angina): sublingual nitroglycerin, which releases nitric oxide raising cGMP.",Standard pharmacology; reasoning only.,0,B,C3
PRO-6370,no_defect,T8,none,0.95,,D,Anal canal below dentate (pectinate) line drains to superficial inguinal nodes.,Wikipedia Anocutaneous line; Radiopaedia anus.,1,D,C4
PRO-1196,no_defect,T8,none,0.85,,F,Under Rule 65(b)(2) a TRO lasts 14 days and can be extended once by 14 days. A TRO extended beyond that without consent is treated as an appealable preliminary injunction (Sampson v. Murray).,"FRCP 65(b)(2); Sampson v. Murray, 415 U.S. 61; 28 USC 1292(a)(1)",1,F,C2
PRO-364,no_defect,T8,none,0.95,,G,"Normative = how things ought/should be, vs positive/descriptive = how things are.",Standard definition; reasoning only.,0,G,C3
PRO-11130,defect,T1,probable,0.65,OU,I,Hourdequin's Confucian model rests on a relational conception of persons and self-cultivation as the basis for social change; coercion cannot produce change of mind. Key D (autonomy apart from others) contradicts the relational view; I fits.,"Hourdequin, 'Climate, Collective Action and Individual Ethical Obligations' (abstract/intro: relational persons, self-cultivation as basis of social change).",3,I,C4
PRO-5449,no_defect,T8,none,0.85,,H,"Dun & Bradstreet is the classic source of business credit ratings and publishes the Reference Book. Equifax covers consumer credit, and Moody's rates debt issuers.",D&B Reference Book (Library of Congress collection),1,H,C2
PRO-1361,no_defect,T8,none,0.6,,C,Imputing a loathsome disease is libel per se; special damages unnecessary; negligence suffices for private figure. J is a vaguer restatement but C is most responsive to the special-damages defense.,Libel per se categories incl. loathsome disease; Gertz negligence standard (bar outlines).,1,C,C1
PRO-10762,no_defect,T8,none,0.9,,I,Server-authenticated TLS with DH gives integrity (MAC/AEAD) and confidentiality against network attacker; both True.,TLS guarantees: confidentiality and integrity; server auth via certificate (Chromium TLS education page).,1,I,C1
PRO-6599,defect,T3,probable,0.7,O2,I,"Male-to-male transmission rules out X-linked and is a hallmark of autosomal dominant pedigrees, but Y-linked inheritance (option G) is defined by exclusive father-to-son transmission, making G at least equally correct.",Macmillan genetics text sec 17.4: Y-linked traits pass father to son to grandson.,2,G,C3
PRO-1241,defect,T2,ambiguous,0.45,OU,I,"Paying rent from 2000 to 2002 broke hostility, so the clock restarted in 2002 and only 9 years ran by 2011. A ('statutory period had not been met') is therefore also a true answer. I gives the reason, but an expert could accept A.",1990-2000 = 10 years; 2002-2011 = 9 years; both under 20,1,I,C2
PRO-5250,no_defect,T8,none,0.92,,G,Narrator complains Mrs. Fairfax's account lacked detail; 'deficient'. Garbled dash is harmless.,Close reading of passage.,0,G,C1
PRO-11161,no_defect,T8,none,0.95,,H,H: some x is firefighter and some victim y and danger z with Rxyz. I and G misassign variables; J uses Rxzy (rescues danger from victim).,Direct symbolization check against given predicate Rxyz = x rescues y from z.,0,H,C4
PRO-7746,no_defect,T8,none,0.9,,H,"g(3)=f(-3)=2 so (-3,2) is on f.",Direct substitution; checked by reflection argument.,0,H,C3
PRO-6986,no_defect,T8,none,0.92,,A,Labor demand is derived demand from demand for the output it produces.,Standard microeconomics (derived demand).,0,A,C1
PRO-8150,no_defect,T8,none,0.9,,A,"Numbers rounding to 47,000 lie in [46,500, 47,500); only 46,504 qualifies; 47,500 rounds up.",Two routes: interval check and python round-half-up of each option.,0,A,C3
PRO-1271,defect,T3,ambiguous,0.5,O2,E,"Under Lovasco, good-faith investigative delay does not violate due process despite prejudice. E fits, but H ('prosecutor had valid reason to delay') states the same dispositive rationale; A also arguably correct. Multiple defensible answers.","United States v. Lovasco, 431 U.S. 783 (1977), law.cornell.edu.",2,E,C3
PRO-5155,defect,T2,ambiguous,0.5,OU,J,"Church, school and office are all institutions rather than recognised levels of society; no basis to single out 'the office'. Likely an expanded option set produced multiple equally valid answers.","Reasoning: E, F, J are same category; no source recognises church/school as levels while excluding office.",0,J,C3
PRO-1797,no_defect,T8,none,0.8,,J,"Aunt's remainder is given to an ascertained person with no condition precedent, cut off by 'but if' condition subsequent in favor of sister's executory interest: vested remainder subject to complete divestment.","JD Advising, Executory Interests vs. Contingent Remainders ('but if' language creates divestment).",1,J,C4
PRO-5423,no_defect,T8,none,0.85,,C,Canada's English/French (Quebec) language division is the textbook centrifugal-force example.,Standard human geography.,0,C,C3
PRO-1145,no_defect,T8,none,0.8,,J,Shooting at a person with a gun intending bodily harm supports malice (intent to inflict serious bodily injury / depraved heart); transferred intent to victim -> murder.,Lexplug murder outline: intent to inflict serious bodily harm is malice aforethought; transferred intent.,1,J,C1
PRO-1396,no_defect,T8,none,0.78,,H,"Man never intended theft (joke, his own coat) so no bilateral agreement; owner consented so no trespassory taking -> no larceny.",Lexplug bilateral vs unilateral conspiracy; larceny requires taking without consent.,1,H,C1
PRO-10513,no_defect,T8,none,0.95,,E,random.seed([x]) initializes the RNG; other options generate/select values; setseed does not exist.,Python random module docs (w3schools/codecademy seed reference).,1,E,C4
PRO-1718,no_defect,T8,none,0.8,,C,"Deed in lieu of foreclosure is valid if fair, for adequate consideration and not coerced; no indication of unfairness.",MBE mortgages: deed in lieu of foreclosure doctrine (pastpaperhero NCBE summary search).,1,C,C3
PRO-8907,no_defect,T8,none,0.99,,G,"gcd(25,55)=5.","Euclid: 55=2*25+5, 25=5*5; python math.gcd.",0,G,C3
PRO-4956,no_defect,T8,none,0.9,,C,"Bentinck shows hesitancy and expedience about banning sati, undermining the assumption that colonizers were uniformly eager to impose norms.","Bentinck's Minute on Sati, 1829 (chnm.gmu.edu/wwh/p/103.html).",1,C,C4
PRO-2639,no_defect,T8,none,0.55,,H,"Vestibule training uses job-like equipment off the job floor; pilots on simulators is a standard example. Word processor (B) is a possible classic clerical example, creating some ambiguity, but H is defensible as best.",Keka HR glossary (pilots train on simulators); Collegedunia airline vestibule training example.,3,H,C4
PRO-4250,no_defect,T8,none,0.95,,E,"6.2 g / 44.1 g/mol = 0.1406 mol, which is 1.4×10^-1 mol. Recomputed with exact atomic masses (44.097), giving 0.1406.","python two routes: 0.14059, 0.14060",0,E,C2
PRO-11065,no_defect,T8,none,0.88,,G,Gauthier ('Why Contractarianism?') holds practical rationality is nothing but deliberative justification.,OUP Cahn Ethics quiz: 'nothing else for practical rationality to be' than deliberative justification.,3,G,C1
PRO-9586,no_defect,T8,none,0.9,,G,Only Earth has confirmed active plate tectonics.,Standard planetary science.,0,G,C3
PRO-2210,no_defect,T8,none,0.9,,G,In-basket exercises are classic assessment-center simulations for managerial/administrative jobs.,Assessment center literature (search: in-basket exercise managerial selection).,1,G,C3
PRO-1420,no_defect,T8,none,0.55,,H,"Of the options only H states a recognisable doctrine (character directly at issue). The legal premise is debatable because the student's honesty is not strictly an element of malicious prosecution. Still, every alternative relies on absolute or incorrect reasoning, so H remains the best answer.",FRE 404/405(b); character in issue doctrine (NY Guide to Evidence 4.09),1,H,C2
PRO-4779,no_defect,T8,none,0.8,,C,Machu Picchu is generally interpreted as a royal estate/retreat for Pachacuti and the Inca elite.,"Smarthistory, Live Science: royal estate of Pachacuti.",1,C,C3
PRO-11187,no_defect,T8,none,0.85,,F,"Aesthetic value concerns the evaluation of art and beauty as good or bad. The other options describe moral, economic, political and similar values.","Stecker, Aesthetics intro; OpenStax Intro Philosophy 8.5",1,F,C2
PRO-262,no_defect,T8,none,0.85,,G,Diffusion process is the rate/process by which an innovation spreads through a market; adoption process is individual-level.,Kotler marketing definitions; reasoning only.,0,G,C3
PRO-2530,defect,T3,probable,0.55,O2,,"'Following a particular dress code' (B) is at least as culturally based as punctuality (C), and food preferences (E) are largely cultural too. The original options look like biological drives, and B and E look like added distractors that create a second correct answer.",Cross-cultural norms literature: dress and punctuality both cultural,1,B,C2
PRO-10954,no_defect,T8,none,0.85,,A,The standard textbook rule symbolizes 'P unless Q' as P ∨ Q. No other option is equivalent.,Logic texts: 'unless' = inclusive or (HKU Think 'Formalizing unless'),1,A,C2
PRO-1610,no_defect,T8,none,0.8,,B,Idea-submission cases (Desny v. Wilder) find implied-in-fact contracts from solicited submission plus expectation of payment.,"Desny v. Wilder, 46 Cal.2d 715 (1956); reasoning.",0,B,C3
PRO-766,no_defect,T8,none,0.85,,A,"Forward integration moves toward the consumer/distribution. H describes vertical integration generically but A is the specific, best answer for 'forwards'.","Standard definitions of forward integration (Chron, Inbound Logistics).",1,A,C4
PRO-7027,no_defect,T8,none,0.9,,B,"In GDP=C+I+G+X, X denotes net exports (exports minus imports).",Standard macroeconomics expenditure identity.,0,B,C1
PRO-6083,no_defect,T8,none,0.75,,B,"First-aid texts list exhaustion, confusion, unresponsiveness as signs of respiratory failure (vs distress).",NHLBI respiratory failure signs; first-aid respiratory distress materials.,1,B,C1
PRO-11115,no_defect,T8,none,0.7,,E,"The stem asks why life without understanding lacks virtue, and E (virtuous action is informed action) answers it. H restates Socratic slogans without giving the reason, and J is too broad.",Socratic intellectualism: virtue is knowledge,1,E,C2
PRO-936,defect,T1,confirmed,0.9,OU,A,Cooper v. Oklahoma (1996) held that requiring a defendant to prove incompetence by clear and convincing evidence violates due process. Medina v. California allows placing a preponderance burden on the defendant. A states this correctly. D wrongly says the prosecution bears the burden.,"Cooper v. Oklahoma, 517 U.S. 348; Medina v. California, 505 U.S. 437",1,A,C2
PRO-1298,no_defect,T8,none,0.75,,J,"Friend is a non-negligent passenger; fan's negligence not imputed; statute irrelevant to friend's recovery. Under joint and several liability the driver owes full $100,000 (A only under pure several liability).",MBE torts: driver negligence not imputed to passenger; joint and several liability (JD Advising MBE torts).,1,J,C4
PRO-6891,no_defect,T8,none,0.88,,D,Time value of money: present dollars have more purchasing power with positive inflation; other statements are false.,Standard macro principles.,0,D,C1
PRO-10855,no_defect,T8,none,0.95,,A,Craig's kalam argument premise: an actual infinite cannot exist.,"Craig, Kalam Cosmological Argument (LSE reading pdf; reasonablefaith.org).",1,A,C4
PRO-9817,no_defect,T8,none,0.97,,B,x(1)=24; then x=24+24t-3t^2 at t=10 gives 24+240-300=-36 m.,"Route1 kinematics formula; route2 piecewise: max at t'=4 (x=72), then -3*36=-108 -> 72-108=-36.",0,B,C1
PRO-1406,no_defect,T8,none,0.55,,B,"A conspicuous bold notice plus an accessible hyperlink is generally an enforceable sign-in wrap (Meyer v. Uber). A is close but less precise. Auto-renewal statutes could favour the woman, but the item tests common-law formation.",Meyer v. Uber (2d Cir. 2017),1,B,C2
PRO-6104,no_defect,T8,none,0.85,,I,Parkinson patient with right lower lobe pneumonia suggests aspiration from dysphagia; swallowing evaluation before discharge is most appropriate.,"Rate of aspiration pneumonia in hospitalized PD patients (BMC Neurol 2015, PMC4491262).",1,I,C4
PRO-11215,no_defect,T8,none,0.6,,G,"In the meaning-of-life literature, externalism (meaning conferred from outside the person) is typically supernaturalist or religious, e.g. God-centred views.",Metz / Williams 'Religion and the Meaning of Life' (philarchive),1,G,C2
PRO-1541,no_defect,T8,none,0.9,,E,Under 28 USC 1251(a) the Supreme Court has original and exclusive jurisdiction only over controversies between two or more States. Its jurisdiction in other original cases is concurrent.,28 U.S.C. §1251 (Cornell LII),1,E,C2
PRO-1063,no_defect,T8,none,0.65,,A,"If tenant held under the lease, possession was not hostile until lease ended 1992; 1992-2009 is 17 years <20. G states a conclusion that depends on that unstated fact; A supplies it, so A is best.",Tenant possession not adverse to landlord during lease term absent repudiation (adverse possession treatises/case law).,1,A,C4
PRO-6115,no_defect,T8,none,0.8,,B,A history of seizures or a neurologic disorder is a precaution or contraindication for pertussis-containing vaccine. Egg allergy and the other options are not relevant to DTaP.,CDC/Immunize.org Guide to Contraindications and Precautions,1,B,C2
PRO-1902,no_defect,T8,none,0.68,,H,"Shopkeeper's privilege allows only brief detention for reasonable investigation, not intensive interrogation; 30 minutes with questioning exceeds it. Manager had reasonable grounds, so E/F-type reasoning fails.",Wikipedia Shopkeeper's privilege: purpose not to extract confession; 'fifteen minutes may be too long'.,2,H,C1
PRO-10669,no_defect,T8,none,0.85,,B,"The ReLU gradient is 0 for x<0, and σ' = σ(1-σ) has a maximum of 1/4 at x=0. σ' is continuous, while the ReLU derivative jumps from 0 to 1 at 0. Both statements are true.",Raschka ReLU derivative FAQ; σ'(0)=0.25,1,B,C2
PRO-2385,defect,T3,ambiguous,0.5,O2,I,"Keyed I (colleague covers emergencies) is correct, but J (colleague provides emergency sessions while regular appointments pause) describes essentially the same coverage arrangement and is equally defensible.",APA Ethics Code 10.09 / continuity of care: arrange coverage for absences.,1,I,C1
PRO-9588,no_defect,T8,none,0.95,,B,"Carnot heating COP = 300/20 = 15, so W = 15000/15 = 1000 J. A second route, W = Qh(1 - Tc/Th), also gives 1000 J.",python both routes = 1000 J,0,B,C2
PRO-5185,no_defect,T8,none,0.95,,J,IAS 16 component depreciation: 80M/20 + 10M/4 + 10M/5 = 4 + 2.5 + 2 = 8.5M.,IAS 16.43 significant parts depreciated separately (cpdbox); two routes both 8.5M.,1,J,C4
PRO-6154,defect,T3,probable,0.6,O2,D,"The standard definition of senescence is biological aging, the gradual deterioration of function (D). The key I, 'increased vulnerability', follows one textbook's wording. D is equally or more correct and is likely an added option.",Wikipedia 'Senescence': gradual deterioration of functional characteristics,1,D,C2
PRO-8975,no_defect,T8,none,0.95,,C,"aH contains e iff a in H, so S1 true; aH=bH iff a^{-1}b in H, not ab, so S2 false (counterexample a=b not in H of index>2).","Group theory; e.g., G=S3, H order 2, a=b=(123): ab not in H but aH=bH.",0,C,C1
PRO-10847,no_defect,T8,none,0.97,,G,"Mill answers the swine objection by distinguishing pleasures in quality, not only quantity.","Mill, Utilitarianism ch. 2 (marxists.org).",1,G,C4
PRO-1324,defect,T3,ambiguous,0.5,O2,B,"False pretenses (B) is correct; but 'theft by deception' (H) is the MPC/modern statutory name for the same offense and equally fits, giving a second defensible answer, likely from added distractors.",MPC 223.3 theft by deception consolidates false pretenses (Lumen criminal law text).,2,B,C1
PRO-4999,no_defect,T8,none,0.88,,E,Cooking makes meat more digestible and kills pathogens; standard anthropology answer; other options absurd or secondary.,Cooking hypothesis (Wrangham); textbook knowledge.,0,E,C1
PRO-4933,defect,T6,probable,0.6,O4,B,"'Soon after 40,000 years ago' reflects an older consensus. Current mainstream consensus places occupation of Australia at about 50,000 years ago or earlier (Madjedbebe 65 ka, which is debated). That makes B a better answer than the key.",Clarkson et al. 2017 Nature (65 ka); ongoing debate ~50-65 ka,1,B,C2
PRO-5502,no_defect,T8,none,0.8,,B,"Warlordism, coups and strongmen are internal threats to weak states; refugee influx is external, the odd one out.",Security studies (weak-state internal threat literature); reasoning.,0,B,C3
PRO-1684,no_defect,T8,none,0.9,,D,"A sublessee has no privity of estate and no privity of contract with the landlord, so the landlord cannot recover rent directly. The 'pnvity' typo is harmless.",Black-letter property law; MBE landlord-tenant outlines,1,D,C2
