item_id,verdict,defect_type,severity,confidence,origin,suggested_key,reason,evidence,n_lookups,lineage_decisive,lineage_fact,batch
PRO-4944,no_defect,T8,none,0.9,,G,"Petition directly documents machines displacing hand workers. Luddites are 1811-16 (19th c.), no trade-union or child-labor-increase claim supported.",Text: 'Scribbling-Machines have thrown thousands... out of employ'; Luddite movement dated 1811-1816.,0,False,,B3
PRO-1087,no_defect,T8,none,0.85,,C,"Egg roll on floor 'for quite some time' gives constructive notice; owner liable despite not knowing. E states the condition but omits notice, which is the reason that matters.","Premises liability: business invitee, constructive notice from duration of hazard.",0,False,,B4
PRO-6169,defect,T3,probable,0.65,O2,I,Added option F (posterior fragment pulled upward by masseter) is the textbook companion of the key: in horizontally unfavourable body fractures the elevators lift the posterior fragment while digastric depresses the anterior. So two options are correct.,Oral surgery texts: posterior fragment elevated by masseter/temporalis/medial pterygoid; anterior fragment depressed by digastric/geniohyoid.,0,True,F is a NEW added option; parent options had only one correct displacement.,B4
PRO-3542,defect,T2,probable,0.75,O1,,"Nα/Nβ = exp(-hν/kT). L-band (~1-2 GHz) gives ~0.9998; W-band (~94 GHz) gives ~0.9850. Key puts 0.9850 at L-band and 0.9809 at W-band; no option matches. All four parent options are equally wrong, so the defect is inherited.",hν/kT at 300 K: 1.5 GHz -> 2.4e-4 (ratio 0.99976); 94 GHz -> 0.01504 (ratio 0.98507).,0,True,"Parent options and key carry identical wrong values, so no correct option ever existed; origin is MMLU parent (Redux flagged clarity only).",B1
PRO-1996,no_defect,T8,none,0.85,,B,"Systems family theory term is negative feedback (deviation-minimizing, homeostasis); added near-synonyms are not the technical term.",Family systems theory (Goldenberg).,0,False,,B2
PRO-4842,no_defect,T8,none,0.85,,A,"Inomata et al. 2013: Ceibal monumental platforms (~1000 BCE) predate or equal La Venta, contradicting the Olmec-inspiration hypothesis.","Inomata et al., Science 2013.",0,False,,B4
PRO-1438,no_defect,T8,none,0.8,,F,"Assault requires apprehension at the time. The plaintiff believed the gun unloaded, so there was no apprehension; learning later does not create the tort.",Restatement (Second) of Torts §22/§24: apprehension must be contemporaneous.,0,False,,B4
PRO-10110,no_defect,T8,none,0.95,,J,Conservation gives 4mc^2.,"E+mc^2=3γmc^2, E=3γmvc gives γ(1-β)=1/3, so β=0.8, γ=5/3, E=4mc^2.",0,False,,B4
PRO-2863,no_defect,T8,none,0.95,,H,"The Calvin cycle consumes ATP and NADPH and yields ADP, NADP+ and sugar (G3P).",Standard photosynthesis biochemistry.,0,False,,B3
PRO-5096,no_defect,T8,none,0.8,,B,Fermi estimate supports ~10 seconds; added options are clearly off by orders of magnitude.,~235 yr presidency = 7.4e9 s / ~6-7e8 US citizens ever = ~11 s.,0,False,,B4
PRO-10989,no_defect,T8,none,0.95,,A,"~(K⊃J) forces K true and J false; then H is false, and with ~J true, I must be false. The conclusion I≡J (F≡F) is true, so no counterexample exists and the argument is valid.",Indirect truth table forced assignment.,0,False,,B1
PRO-9052,no_defect,T8,none,0.95,,C,"Electric force +x is balanced by magnetic force qv×B in the -x direction. Doubling V raises v by √2, so the magnetic force dominates and the proton is deflected in -x.",z-hat × y-hat = -x-hat; F_B ∝ v ∝ sqrt(V).,0,False,,B1
PRO-9996,no_defect,T8,none,0.95,,E,Classical equipartition: 3 dimensions x (kT/2 kinetic + kT/2 potential) = 3kT.,Equipartition theorem; GRE GR0177 #5.,0,False,,B2
PRO-2936,no_defect,T8,none,0.9,,D,Random mating breaks down linkage disequilibrium with recombination; the other options maintain it.,Population genetics: LD decays under random mating and recombination.,0,False,,B4
PRO-5930,defect,T3,probable,0.6,O2,B,"Prairie provinces-African Americans is the intended wrong pairing, but added options New England-Latin Americans and Florida-Native Americans are also not standard regional ethnic associations, so a 'NOT correct' stem gets extra answers.","Standard AP Human Geography regions: Hispanics in Southwest/Florida/CA/NY; Native Americans in Oklahoma/Southwest; Florida known for Cubans, not Native Americans.",0,True,Options C and F are NEW GPT-added distractors in a NOT-stem; parent's four options were unambiguous.,B4
PRO-1735,no_defect,T8,none,0.7,,F,"The owner had terminated the service, so he had no duty to supervise the guard at the time of the shooting. F is the best-reasoned 'not prevail' answer.",Negligent supervision requires an existing relationship and duty.,0,False,,B1
PRO-7631,no_defect,T8,none,0.85,,F,"Rising debt raises interest rates, attracting foreign capital: increased demand for dollars, appreciation.",AP Macro loanable funds/forex linkage.,0,False,,B2
PRO-10651,no_defect,T8,none,0.97,,H,"3e6 books x 400 x 50 x 10 x 5 bytes = 3e12 bytes, which is terabyte scale.",3e6*400*50*10*5 = 3x10^12.,0,False,,B3
PRO-6407,no_defect,T8,none,0.8,,J,"In McAdams' levels, personal concerns (level 2) change most with age; traits are most stable.",McAdams personality levels; human aging textbook.,0,False,,B4
PRO-940,defect,T3,probable,0.65,O2,D,"Added 'Fulfillment of contract' (discharge by performance) and 'Expiration of the contract term' (discharge by agreement/terms) are also not terminations by operation of law, giving multiple correct answers.","Contract-law texts: discharge by operation of law = death/incapacity, insolvency, merger, impossibility, illegality, destruction of subject matter.",0,True,Options C (expiration) and G (fulfillment) are NEW; parent options were all operation-of-law events except partial performance.,B2
PRO-5841,no_defect,T8,none,0.8,,D,Tracing option grants to board authorization is the standard substantive test; H (minutes discussed) is weaker.,AICPA audit of equity/authorization assertions.,0,False,,B2
PRO-5549,no_defect,T8,none,0.95,,J,The Indianapolis 500 is held on Memorial Day weekend; no other listed event is.,General knowledge.,0,False,,B4
PRO-3112,no_defect,T8,none,0.95,,J,Growth response to touch is thigmotropism.,Standard botany definition.,0,False,,B3
PRO-3489,no_defect,T8,none,0.97,,I,"Each birth is independent, so the probability is 1/2.",Independence of births.,0,False,,B3
PRO-4898,no_defect,T8,none,0.85,,F,"Athenian democracy was open to adult male citizens, with citizenship by birth (Pericles' law 451 BCE).",Standard Greek history.,0,False,,B4
PRO-6268,defect,T3,confirmed,0.85,O2,A,"Added option B '95-100%' covers the same range as the key '>95%', so both are correct.",>95% and 95-100% denote the same interval for a percentage.,0,True,B (95-100%) is a NEW option that duplicates the parent key's range.,B4
PRO-1210,no_defect,T8,none,0.65,,C,"Known/discovered trespassers are owed a duty to warn of known, concealed dangerous artificial conditions; C states this rule. Added G/I are looser, D overstates.",Restatement (Second) Torts §337/§335 on known trespassers.,0,False,,B2
PRO-2529,no_defect,T8,none,0.65,,E,Free item after every 10 purchases is a fixed-ratio schedule. Added 'partial'/'ratio reinforcement' are broader category labels; fixed-ratio is the best answer.,Operant conditioning schedules.,0,False,,B4
PRO-1496,defect,T3,ambiguous,0.5,O2,C,"The key is right: privilege covers preliminary consultations, and a parent's presence for a minor does not waive it. But added option D (privilege survives hiring a different attorney) is also a true reason for inadmissibility, so an expert might accept it.",FRE 501/common law: prospective-client communications privileged even if not retained.,0,True,D is a NEW added option giving a valid alternative rationale for the same correct result.,B4
PRO-7369,no_defect,T8,none,0.85,,D,"Kinked demand curve is two segments with a kink (discontinuous MR), not one continuous function; the other statements fit the Sweezy model.",Sweezy oligopoly model.,0,False,,B4
PRO-11740,no_defect,T8,none,0.95,,D,Each machine contributes 20/0.16 = 125 MVA; four in parallel give 500 MVA.,SC MVA = base MVA / X_pu; parallel sources add.,0,False,,B1
PRO-4928,no_defect,T8,none,0.85,,B,Lavish grave goods with children who could not have earned status imply inherited status; added ancestor-worship option is not the textbook inference.,"Sungir burials, standard prehistory text (Feder/Price).",0,False,,B2
PRO-8809,no_defect,T8,none,0.95,,D,"Kate starts: 6/k + 4/j = 1. John starts: 4.5/k + 6/j = 1. Solving gives k = 9, j = 12, so the combined rate is 7/36 and the time is 36/7 days.","Solved the linear system: 1/k = 1/9, 1/j = 1/12.",0,False,,B1
PRO-5897,no_defect,T8,none,0.97,,H,John Paul I (1978) immediately preceded John Paul II.,Papal succession list.,0,False,,B2
PRO-6628,no_defect,T8,none,0.85,,D,Endurance training increases IMTG oxidation and spares glycogen; the other options are reversed or not established adaptations.,"Exercise physiology: training increases fat oxidation, IMTG stores and use, and reduces glycogen use.",0,False,,B4
PRO-6379,no_defect,T8,none,0.9,,B,"Recurrent angina is treated immediately with sublingual nitroglycerin, which acts as a nitric oxide donor.",Nitrate pharmacology (NO -> cGMP -> vasodilation).,0,False,,B1
PRO-6370,no_defect,T8,none,0.95,,D,Anal canal below the dentate line drains to superficial inguinal nodes.,Standard anatomy; USMLE sample item.,0,False,,B4
PRO-1196,no_defect,T8,none,0.8,,F,"A TRO extended beyond the FRCP 65(b)(2) limit without consent is treated as a preliminary injunction, which is appealable under 28 USC 1292(a)(1).",FRCP 65(b)(2); Sampson v. Murray (1974).,0,False,,B1
PRO-364,no_defect,T8,none,0.95,,G,Normative = how things should be.,Standard definition.,0,False,,B2
PRO-11130,defect,T1,probable,0.6,O1,I,"Confucianism stresses the relational self and moral transformation, so 'affirms the autonomy of individuals apart from others' contradicts it. The Confucian objection to Hardin's coercion is that it cannot produce real change, which needs a change of mind as well as action (I).","Confucian ethics: relational personhood, rule by virtue/ritual over punishment (Analects 2.3).",0,True,"Key text identical to parent key; the parent's option C (now I) is the plausible intended answer, so the error is inherited.",B4
PRO-5449,no_defect,T8,none,0.65,,H,Dun & Bradstreet is the classic source of business credit ratings; Equifax (added) has commercial reports but D&B is the clear intended best answer.,D&B business credit ratings; standard marketing/retail texts.,0,False,,B2
PRO-1361,defect,T3,ambiguous,0.5,O2,C,"C (libel per se, no special damages needed) is the intended answer, but added J ('No, valid claim for defamation per se, defense invalid') says essentially the same thing. Added D and F are also defensible 'No' answers (negligence suffices for a private figure under Gertz).",Restatement (Second) Torts §569 (libel actionable without special harm); Gertz v. Robert Welch (1974).,0,True,"J, D and F are NEW options; the parent had only C as a 'No' answer with a correct rationale.",B1
PRO-10762,no_defect,T8,none,0.9,,I,"With an authenticated server and DH key exchange, TLS gives integrity and confidentiality for client-sent data. The added 'Partly' options are odd but not correct.",TLS record layer AEAD/MAC plus encryption; server authentication prevents MITM.,0,False,,B3
PRO-6599,defect,T3,probable,0.7,O2,I,"Added option G 'Y-linked inheritance' is defined by exclusively male-to-male transmission, so it is also a correct (arguably better) answer alongside autosomal dominant.",Y-linked traits pass only father to son; male-to-male transmission excludes X-linked and supports AD or Y-linked.,0,True,"Option G (Y-linked) is NEW, added by MMLU-Pro; parent only had AD, AR, XLD, XLR.",B2
PRO-1241,defect,T3,probable,0.6,O2,I,"Paying rent made the possession permissive, so the clock restarts in 2002 (or at least is interrupted), and 20 years had not run by 2011. Added option A ('statutory period had not been met') is therefore also a correct answer with a correct reason. I is more specific.",Adverse possession requires hostile possession; acknowledging title (paying rent) breaks hostility. 2002-2011 = 9 years.,0,True,"Option A, the second defensible answer, is NEW (added by MMLU-Pro). The parent had only one 'No' with a correct rationale.",B3
PRO-5250,no_defect,T8,none,0.9,,G,"The narrator finds Mrs. Fairfax's account lacking in detail ('nothing more'), so it is deficient.",Passage content.,0,False,,B1
PRO-11161,no_defect,T8,none,0.9,,H,"H correctly renders 'some F rescues some V from some D' with Rxyz order; I, J, G swap argument roles.",Logic check of argument order in Rxyz.,0,False,,B2
PRO-7746,no_defect,T8,none,0.98,,H,"g(3) = f(-3) = 2, so (-3, 2) is on f.",Direct substitution.,0,False,,B3
PRO-6986,no_defect,T8,none,0.95,,A,Labor demand is derived demand from demand for the output.,Standard micro texts.,0,False,,B2
PRO-8150,no_defect,T8,none,0.97,,A,"Numbers 46,500-47,499 round to 47,000; only 46,504 fits (47,500 rounds to 48,000).",Rounding rule.,0,False,,B2
PRO-1271,no_defect,T8,none,0.6,,E,"Under Lovasco, investigative pre-indictment delay does not violate due process even with some prejudice. E is the most complete answer. Added H ('valid reason') is close but less complete; D misstates the law.","United States v. Lovasco, 431 U.S. 783 (1977); United States v. Marion (1971).",0,False,,B3
PRO-5155,defect,T3,probable,0.6,O2,J,"The source's levels are household, community, nation state and global. Added 'the church' and 'the school' are organizations like 'the office', not levels, so they are equally valid 'not a level' answers; 'continent' is also doubtful.","Fulcher & Scott Sociology ch. 1 (levels of society: household, community, nation-state, global).",0,True,"church, school, continent, city and region are NEW options; parent had only household, office, global village and nation state.",B1
PRO-1797,no_defect,T8,none,0.8,,J,"The aunt's life estate follows the daughter's with no condition precedent. If the aunt moves, it is cut off entirely by the sister's interest, making it a vested remainder subject to complete divestiture.",Estates in land: condition subsequent attached to a vested remainder.,0,False,,B1
PRO-5423,no_defect,T8,none,0.85,,C,Canada's English/French divide (Quebec) is the textbook example of language as centrifugal force; added options are not.,AP Human Geography centripetal/centrifugal forces.,0,False,,B2
PRO-1145,no_defect,T8,none,0.8,,J,"Shooting a gun at a person shows intent to cause serious bodily harm or depraved-heart recklessness, which transfers to the victim, so murder. The revision only reordered (same key text).",Common-law murder: malice includes intent to inflict serious bodily injury; transferred intent.,0,False,,B3
PRO-1396,no_defect,T8,none,0.8,,H,"Coat belonged to the man who invited the taking: owner consent defeats trespassory taking, so no larceny; man lacked criminal intent so no bilateral agreement for conspiracy. H is the standard answer; no added option states a better alternative.",Common-law larceny (trespassory taking of property of another) and bilateral conspiracy doctrine.,0,False,,B1
PRO-10513,no_defect,T8,none,0.9,,E,"random.seed() sets the generator's starting value. setseed does not exist in Python's random module, and the other options generate values rather than seed.",Python random module documentation.,0,False,,B1
PRO-1718,no_defect,T8,none,0.75,,C,"A deed in lieu of foreclosure is valid and passes title if it is fair, uncoerced and supported by consideration (here, release of the debt). No added option is better.",Deed in lieu of foreclosure doctrine; clogging-the-equity concerns satisfied when the transaction is fair.,0,False,,B1
PRO-8907,no_defect,T8,none,0.98,,G,"25 = 5^2 and 55 = 5*11, so the GCD is 5.",Factorization.,0,False,,B3
PRO-4956,no_defect,T8,none,0.85,,C,"Bentinck shows hesitancy and expediency about interfering with sati, which undercuts the assumption that colonizers were uniformly eager to impose their norms.",Passage content.,0,False,,B1
PRO-2639,no_defect,T8,none,0.7,,H,"Vestibule training uses simulated equipment away from the job, the classic case being pilot simulators. Bus driver (added) is possible but less canonical, so H remains best.",I/O psychology texts on vestibule/simulation training.,0,False,,B1
PRO-4250,no_defect,T8,none,0.95,,E,6.2/44.1 = 0.141 mol = 1.4e-1.,Molar mass of C3H8 = 44.1 g/mol.,0,False,,B4
PRO-11065,no_defect,T8,none,0.8,,G,Gauthier (Morals by Agreement / 'Reason to be moral?') holds practical rationality is nothing but deliberative justification.,"Gauthier, Morals by Agreement.",0,False,,B2
PRO-9586,no_defect,T8,none,0.92,,G,Only Earth has confirmed active plate tectonics. Venus and Mars lack active plate tectonics.,Standard planetary science.,0,False,,B3
PRO-2210,no_defect,T8,none,0.9,,G,The in-basket exercise is a classic assessment-center tool for selecting managers.,Assessment center literature.,0,False,,B1
PRO-1420,no_defect,T8,ambiguous,0.5,,H,Key follows the source's 'character directly in issue' rationale. This is legally debatable: using dishonesty to show fabrication looks like propensity under FRE 404. Added F is similar. The Feb-2026 revision only reordered (same key text).,"FRE 404(a), 405(b): character in issue as an element of a claim.",0,False,,B3
PRO-4779,no_defect,T8,none,0.8,,C,"Machu Picchu is interpreted as a royal estate/retreat of Pachacuti, i.e. an elite getaway; added options are not standard interpretations.","Scarre, The Human Past; standard royal-estate interpretation.",0,False,,B4
PRO-11187,no_defect,T8,none,0.85,,F,"Aesthetic value concerns the goodness or badness of art and beautiful objects. The added options (economic, historical, cultural value) are clearly not aesthetic value as such.",Introductory ethics/aesthetics definitions.,0,False,,B3
PRO-262,no_defect,T8,none,0.7,,G,Marketing texts define the diffusion process as the rate or spread of an innovation's adoption across a market. Added options such as market penetration rate are not the textbook term.,Rogers' diffusion of innovations; standard marketing textbook definitions.,0,False,,B1
PRO-2530,defect,T3,probable,0.7,O2,C,"Added option B 'Following a particular dress code' (and E food preferences) is plainly culturally based, at least as good an example as arriving on time; no unique best answer.",Dress codes are cultural norms; no biological basis.,0,True,Options B and E are NEW (added by MMLU-Pro); parent distractors were all biological drives.,B2
PRO-10954,no_defect,T8,none,0.9,,A,'P unless Q' is standardly symbolized as P v Q. No added option is equivalent.,Standard PL translation conventions.,0,False,,B3
PRO-1610,no_defect,T8,none,0.8,,B,Idea submission with expectation of payment and acknowledgement supports an implied-in-fact contract (Desny v. Wilder); added options are incorrect.,"Desny v. Wilder, 46 Cal.2d 715 (1956).",0,False,,B2
PRO-766,no_defect,T8,none,0.85,,A,"Forward vertical integration moves toward the consumer/distribution; H describes vertical integration generally, A is more specific.","Combe, Introduction to Business, ch.14.",0,False,,B2
PRO-7027,no_defect,T8,none,0.95,,B,X is net exports = exports minus imports.,Standard expenditure identity GDP=C+I+G+NX.,0,False,,B4
PRO-6083,no_defect,T8,none,0.75,,B,"Exhaustion, confusion and decreased responsiveness are recognised late signs of respiratory failure (hypoxia/hypercapnia). The remaining options are less specific.",Clinical skills texts on signs of respiratory failure.,0,False,,B1
PRO-11115,no_defect,T8,none,0.8,,E,Standard Socratic intellectualism: virtuous action requires knowing what one does and why. Added options are clearly wrong; H is an original distractor that does not explain 'because'.,"Plato, Apology/Meno: virtue as knowledge.",0,False,,B3
PRO-936,defect,T1,confirmed,0.8,O1,A,Cooper v. Oklahoma held requiring defendant to prove incompetence by clear and convincing evidence violates due process; Medina v. California allows burden on defendant by preponderance. A is correct; key D (prosecution must prove competency) is wrong.,"Cooper v. Oklahoma, 517 U.S. 348 (1996); Medina v. California, 505 U.S. 437 (1992).",0,True,"Key D is copied from parent key A; correct option A was parent option B, so error is inherited from MMLU.",B2
PRO-1298,no_defect,T8,none,0.75,,J,"The passenger friend is not negligent and the fan's negligence is not imputed to him, so the comparative statute does not bar or reduce recovery; joint and several liability lets him recover the full $100,000 from the driver.",Torts: no imputed negligence from driver to passenger; joint and several liability.,0,False,,B4
PRO-6891,no_defect,T8,none,0.85,,D,"Inflation erodes future purchasing power; other options are false (supply of loanable funds = savers, demand = borrowers).",Loanable funds model; time value of money.,0,False,,B2
PRO-10855,no_defect,T8,none,0.95,,A,Craig's kalam argument holds an actual infinite cannot exist.,"W.L. Craig, kalam cosmological argument.",0,False,,B4
PRO-9817,no_defect,T8,none,0.95,,B,x(1)=24 m; then 24+24(10)-3(100) = -36 m. Key B is -36 m.,Kinematics calculation.,0,False,,B4
PRO-1406,no_defect,T8,none,0.6,,B,"Sign-in-wrap with a conspicuous notice and link is generally enforceable, so B is best. Added A states a similar but weaker rationale. Statutory auto-renewal rules are outside the common-law framing.","Clickwrap/sign-in-wrap cases, e.g. Meyer v. Uber (2d Cir. 2017): reasonable notice plus manifest assent.",0,False,,B3
PRO-6104,no_defect,T8,none,0.8,,I,A Parkinson patient with pneumonia (likely aspiration) needs a swallowing evaluation before discharge. Added options like vaccine or PT are less specific to the scenario.,USMLE Step 3 sample; dysphagia/aspiration risk in PD.,0,False,,B4
PRO-11215,no_defect,T8,none,0.75,,G,"In the meaning-of-life literature, externalist (supernaturalist) views typically ground meaning in God, a religious standpoint. The added options are not competitive.","Meaning-of-life taxonomy (supernaturalism vs naturalism), e.g. Metz, SEP 'The Meaning of Life'.",0,False,,B3
PRO-1541,no_defect,T8,none,0.85,,E,28 USC 1251(a) gives the Supreme Court exclusive original jurisdiction only over controversies between two or more states; the other categories are concurrent.,28 U.S.C. §1251.,0,False,,B1
PRO-1063,defect,T3,probable,0.65,O2,G,"Tenant's possession cannot be adverse during the 7-year lease (to 1992); 1992-2009 is 17 years < 20, so added G 'statutory period not yet reached' is correct, competing with key A.",Tenant possession is permissive during term; no repudiation notice; statute runs from lease end 1992.,0,True,Option G is NEW (added by MMLU-Pro); parent had no statutory-period option.,B2
PRO-6115,no_defect,T8,none,0.85,,B,Seizure or neurologic history is the relevant DTaP precaution/contraindication item. Egg allergy relates to other vaccines. 'Any chronic conditions' is too vague to compete.,"CDC DTaP contraindications/precautions: encephalopathy, progressive neurologic disorder, seizures.",0,False,,B3
PRO-1902,no_defect,T8,none,0.6,,H,"The shopkeeper's privilege allows detention for a reasonable time and in a reasonable manner. 30 minutes of intensive questioning exceeds it, so the key is defensible. The parent's main competitor ('not prevail, reasonable grounds') was dropped, which leaves H best among the listed options.",Restatement (Second) Torts §120A shopkeeper's privilege.,0,False,,B1
PRO-10669,no_defect,T8,none,0.9,,B,"ReLU gradient 0 for x<0 and sigmoid derivative max 1/4: true. Sigmoid gradient continuous, ReLU gradient jumps at 0: true.",sigma'(0)=1/4 max; ReLU' step function.,0,False,,B2
PRO-2385,defect,T3,ambiguous,0.55,O2,I,"Key I (an emergency colleague's number) is the intended answer. Added option J (a colleague provides emergency sessions while regular appointments pause) describes essentially the same coverage arrangement, and an ethics expert could accept it.",APA Ethics Code 3.12/10.09: make reasonable arrangements for continuity of care during absence.,0,True,"J, the near-equivalent competitor, is a NEW MMLU-Pro option. The parent had no such alternative.",B3
PRO-9588,no_defect,T8,none,0.97,,B,"Carnot COP = 300/20 = 15, so W = 15000/15 = 1000 J.",COP_HP = T_H/(T_H - T_C).,0,False,,B3
PRO-5185,no_defect,T8,none,0.95,,J,IFRS component depreciation: 80M/20 + 10M/4 + 10M/5 = 4 + 2.5 + 2 = 8.5M.,IAS 16 componentization.,0,False,,B2
PRO-6154,defect,T2,probable,0.65,O1,,"'Senescence' is standardly defined as biological aging or the process of growing old; the key 'increased vulnerability' is one textbook's framing. D and E are equally or more defensible, and both were already in the parent.",Merriam-Webster: senescence = the state of being old; the process of becoming old. Biology texts: biological aging/deterioration.,0,True,"Competing correct options D (Biological aging) and E (becoming older) are parent options, so the ambiguity was inherited from MMLU.",B3
PRO-8975,no_defect,T8,none,0.95,,C,"S1 is true: aH contains e iff a is in H. S2 is false: the correct criterion is a^-1 b in H, not ab (counterexample: a=b not in H with a^2 not in H).",Coset properties.,0,False,,B3
PRO-10847,no_defect,T8,none,0.95,,G,"Mill, Utilitarianism ch. 2: higher and lower pleasures differ in quality, not just quantity.","Mill, Utilitarianism, ch. 2.",0,False,,B1
PRO-1324,defect,T3,ambiguous,0.5,O2,B,"False pretenses is correct. The added option H, 'Theft by deception', is the modern consolidated-theft (MPC) name for the same offense, so an expert could accept H as equally correct.",MPC §223.3 theft by deception subsumes common-law false pretenses.,0,True,H 'Theft by deception' is a NEW added option; parent had only false pretenses.,B1
PRO-4999,no_defect,T8,none,0.85,,E,"Cooking (digestibility, killing bacteria) is the standard textbook 'greatest advantage'; added options are absurd or minor.",Cooking hypothesis (Wrangham); prehistory textbooks.,0,False,,B2
PRO-4933,defect,T6,probable,0.6,O4,B,"The current mainstream consensus places human arrival in Australia around 50,000 years ago or earlier (some 65 ka); 'soon after 40,000' is an older textbook view. Added option B (~50,000) now matches the consensus better than the key.",O'Connell & Allen; Clarkson et al. 2017 (Madjedbebe ~65 ka); widely cited ~47-50 ka consensus.,0,True,"Option B (~50,000 years), which better matches current consensus, is a NEW MMLU-Pro addition; the key text comes from an older textbook quiz.",B3
PRO-5502,no_defect,T8,none,0.8,,B,"Warlordism, coups and strongmen are internal threats from within the weak state; a refugee influx is an external spillover, so it is the odd one out.",Security studies literature on weak states (internal vs. external threats).,0,False,,B1
PRO-1684,no_defect,T8,none,0.85,,D,"A sublessee has neither privity of estate nor privity of contract with the landlord, so the landlord cannot recover rent directly. The 'pnvity' typo is harmless.",Black-letter property law: sublease vs assignment.,0,False,,B3
