item_id,pro_qid,draw_rank
PRO-4944,4944,1
PRO-1087,1087,2
PRO-6169,6169,3
PRO-3542,3542,4
PRO-1996,1996,5
PRO-4842,4842,6
PRO-1438,1438,7
PRO-10110,10110,8
PRO-2863,2863,9
PRO-5096,5096,10
PRO-10989,10989,11
PRO-9052,9052,12
PRO-9996,9996,13
PRO-2936,2936,14
PRO-5930,5930,15
PRO-1735,1735,16
PRO-7631,7631,17
PRO-10651,10651,18
PRO-6407,6407,19
PRO-940,940,20
PRO-5841,5841,21
PRO-5549,5549,22
PRO-3112,3112,23
PRO-3489,3489,24
PRO-4898,4898,25
PRO-6268,6268,26
PRO-1210,1210,27
PRO-2529,2529,28
PRO-1496,1496,29
PRO-7369,7369,30
PRO-11740,11740,31
PRO-4928,4928,32
PRO-8809,8809,33
PRO-5897,5897,34
PRO-6628,6628,35
PRO-6379,6379,36
PRO-6370,6370,37
PRO-1196,1196,38
PRO-364,364,39
PRO-11130,11130,40
PRO-5449,5449,41
PRO-1361,1361,42
PRO-10762,10762,43
PRO-6599,6599,44
PRO-1241,1241,45
PRO-5250,5250,46
PRO-11161,11161,47
PRO-7746,7746,48
PRO-6986,6986,49
PRO-8150,8150,50
PRO-1271,1271,51
PRO-5155,5155,52
PRO-1797,1797,53
PRO-5423,5423,54
PRO-1145,1145,55
PRO-1396,1396,56
PRO-10513,10513,57
PRO-1718,1718,58
PRO-8907,8907,59
PRO-4956,4956,60
PRO-2639,2639,61
PRO-4250,4250,62
PRO-11065,11065,63
PRO-9586,9586,64
PRO-2210,2210,65
PRO-1420,1420,66
PRO-4779,4779,67
PRO-11187,11187,68
PRO-262,262,69
PRO-2530,2530,70
PRO-10954,10954,71
PRO-1610,1610,72
PRO-766,766,73
PRO-7027,7027,74
PRO-6083,6083,75
PRO-11115,11115,76
PRO-936,936,77
PRO-1298,1298,78
PRO-6891,6891,79
PRO-10855,10855,80
PRO-9817,9817,81
PRO-1406,1406,82
PRO-6104,6104,83
PRO-11215,11215,84
PRO-1541,1541,85
PRO-1063,1063,86
PRO-6115,6115,87
PRO-1902,1902,88
PRO-10669,10669,89
PRO-2385,2385,90
PRO-9588,9588,91
PRO-5185,5185,92
PRO-6154,6154,93
PRO-8975,8975,94
PRO-10847,10847,95
PRO-1324,1324,96
PRO-4999,4999,97
PRO-4933,4933,98
PRO-5502,5502,99
PRO-1684,1684,100
