pro_qid,pro_src,pro_category,pro_n_options,pro_key_letter,pro_key_text,mmlu_parent,mmlu_key_text,mmlu_choices_retained,question_changed,key_same_as_mmlu,key_vA,key_vB,key_changed_across_versions,in_redux,redux_label,redux_source,redux_source_class,redux_correct,redux_reason,outcome
3160,ori_mmlu-high_school_biology,biology,10,G,egg yolk,high_school_biology#222,egg yolk,4,False,True,egg yolk,egg yolk,False,False,,,,,,
11224,ori_mmlu-formal_logic,philosophy,10,F,Every apartment is bigger than some house.,formal_logic#89,Every apartment is bigger than some house.,4,False,True,Every apartment is bigger than some house.,Every apartment is bigger than some house.,False,True,ok,Expert,expert,,,ok_parent
11658,ori_mmlu-electrical_engineering,engineering,10,C,resolution.,electrical_engineering#56,resolution.,4,False,True,resolution.,resolution.,False,False,,,,,,
5440,ori_mmlu-global_facts,other,10,F,by 15 fold,global_facts#4,by 15 fold,4,False,True,by 15 fold,by 15 fold,False,True,ok,https://ourworldindata.org/grapher/maddison-data-gdp-per-capita-in-2011us-slopechart?country=~JPN,recovered,by 20 fold,,ok_parent
1342,ori_mmlu-professional_law,law,9,F,"unconstitutional, because it constitutes a violation of the privileges and immunities clause under Article IV.",professional_law#909,"unconstitutional, because it constitutes a violation of the privileges and immunities clause under Article IV.",3,False,True,"unconstitutional, because it constitutes a violation of the privileges and immunities clause under Article IV.","unconstitutional, because it constitutes a violation of the privileges and immunities clause under Article IV.",False,False,,,,,,
4916,ori_mmlu-high_school_us_history,history,10,E,Conservative Republicans mobilized to defend traditional mores and curb government authority.,high_school_us_history#201,Conservative Republicans mobilized to defend traditional mores and curb government authority.,4,False,True,Conservative Republicans mobilized to defend traditional mores and curb government authority.,Conservative Republicans mobilized to defend traditional mores and curb government authority.,False,False,,,,,,
8119,ori_mmlu-high_school_statistics,math,10,H,"We are 90% confident that politicians running for a congressional seat spend a mean dollar amount between $117,500 and $132,500.",high_school_statistics#169,"We are 90% confident that politicians running for a congressional seat spend a mean dollar amount between $117,500 and $132,500.",4,False,True,"We are 90% confident that politicians running for a congressional seat spend a mean dollar amount between $117,500 and $132,500.","We are 90% confident that politicians running for a congressional seat spend a mean dollar amount between $117,500 and $132,500.",False,False,,,,,,
8272,ori_mmlu-high_school_mathematics,math,10,B,2,high_school_mathematics#10,2,4,False,True,2,2,False,False,,,,,,
9718,ori_mmlu-high_school_physics,physics,10,G,30 N,high_school_physics#60,30 N,4,False,True,30 N,30 N,False,False,,,,,,
11204,ori_mmlu-world_religions,philosophy,9,C,God is eternal and merciful to those who offer worship,world_religions#59,God is eternal and merciful to those who offer worship,3,False,True,God is eternal and merciful to those who offer worship,God is eternal and merciful to those who offer worship,False,True,ok,https://learninglink.oup.com/access/content/amore4e-student-resources/amore4e-chapter-12-self-quiz,recovered,,,ok_parent
7496,ori_mmlu-high_school_macroeconomics,economics,10,G,The price level will decrease.,high_school_macroeconomics#372,The price level will decrease.,4,False,True,The price level will decrease.,The price level will decrease.,False,False,,,,,,
10561,ori_mmlu-machine_learning,computer science,8,F,P(B|A) decreases,machine_learning#100,P(B|A) decreases,4,False,True,P(B|A) decreases,P(B|A) decreases,False,False,,,,,,
1555,ori_mmlu-professional_law,law,10,F,"not prevail, because the columnist was not involved in the burglary and did not conspire with the apprentice with respect to the burglary.",professional_law#1210,"not prevail, because the columnist was not involved in the burglary and did not conspire with the apprentice with respect to the burglary.",4,False,True,"not prevail, because the columnist was not involved in the burglary and did not conspire with the apprentice with respect to the burglary.","not prevail, because the columnist was not involved in the burglary and did not conspire with the apprentice with respect to the burglary.",False,False,,,,,,
4824,ori_mmlu-high_school_us_history,history,10,A,"The Twenty-first Amendment, which repealed the prohibition of alcohol",high_school_us_history#169,"The Twenty-first Amendment, which repealed the prohibition of alcohol",4,False,True,"The Twenty-first Amendment, which repealed the prohibition of alcohol","The Twenty-first Amendment, which repealed the prohibition of alcohol",False,False,,,,,,
11220,ori_mmlu-formal_logic,philosophy,10,A,Invalid. Counterexample when J is true and K and L are false,formal_logic#23,Invalid. Counterexample when J is true and K and L are false,4,False,True,Invalid. Counterexample when J is true and K and L are false,Invalid. Counterexample when J is true and K and L are false,False,True,ok,Expert,expert,,,ok_parent
1780,ori_mmlu-professional_law,law,6,F,"A merchant writes buyer offering to sell the widget for $35,000.",professional_law#252,"A merchant writes buyer offering to sell the widget for $35,000.",4,False,True,"A merchant writes buyer offering to sell the widget for $35,000.","A merchant writes buyer offering to sell the widget for $35,000.",False,True,ok,,none,,,ok_parent
6657,ori_mmlu-human_aging,health,10,C,Organismic,human_aging#211,Organismic,4,False,True,Organismic,Organismic,False,True,ok,https://s3-eu-west-1.amazonaws.com/s3-euw1-ap-pe-ws4-cws-documents.ri-prod/9780205544011/Chapter%202%20Multiple%20Choice.doc,recovered,,,ok_parent
7361,ori_mmlu-high_school_macroeconomics,economics,10,I,Increase taxes with a matching increase in government spending.,high_school_macroeconomics#338,Increase taxes with a matching increase in government spending.,4,False,True,Increase taxes with a matching increase in government spending.,Increase taxes with a matching increase in government spending.,False,False,,,,,,
11287,ori_mmlu-electrical_engineering,engineering,3,A,gross error.,electrical_engineering#70,gross error.,3,False,True,gross error.,gross error.,False,True,ok,,none,,,ok_parent
10634,ori_mmlu-machine_learning,computer science,4,D,A bounding box with an IoU (intersection over union) equal to $3\%$ would likely be considered at false negative.,machine_learning#108,A bounding box with an IoU (intersection over union) equal to $3\%$ would likely be considered at false negative.,4,False,True,A bounding box with an IoU (intersection over union) equal to $3\%$ would likely be considered at false negative.,A bounding box with an IoU (intersection over union) equal to $3\%$ would likely be considered at false negative.,False,True,bad options clarity,Expert,expert,,"""Considered at"" in option B and D seem to be a typo",survived?
1559,ori_mmlu-professional_law,law,10,C,Bill can bind the partnership by his act.,professional_law#1306,Bill can bind the partnership by his act.,4,False,True,Bill can bind the partnership by his act.,Bill can bind the partnership by his act.,False,False,,,,,,
11270,ori_mmlu-moral_disputes,philosophy,8,E,makes it hard to think and discuss the rights of drug users.,moral_disputes#244,makes it hard to think and discuss the rights of drug users.,4,False,True,makes it hard to think and discuss the rights of drug users.,makes it hard to think and discuss the rights of drug users.,False,False,,,,,,
1570,ori_mmlu-professional_law,law,10,F,a bilateral executory accord.,professional_law#1503,a bilateral executory accord.,4,False,True,a bilateral executory accord.,a bilateral executory accord.,False,False,,,,,,
6443,ori_mmlu-professional_medicine,health,4,B,Echocardiography,professional_medicine#174,Echocardiography,4,False,True,Echocardiography,Echocardiography,False,True,ok,http://dromersenturk.com/down/ornek_sorular/USMLE-Step-2.pdf,recovered,,,ok_parent
263,ori_mmlu-marketing,business,10,D,Develop sales tactics.,marketing#73,Develop sales tactics.,4,False,True,Develop sales tactics.,Develop sales tactics.,False,False,,,,,,
8388,ori_mmlu-high_school_mathematics,math,10,B,90,high_school_mathematics#143,90,4,False,True,90,90,False,False,,,,,,
2466,ori_mmlu-high_school_psychology,psychology,10,E,95,high_school_psychology#496,95,4,False,True,95,95,False,True,ok,https://www.crackap.com/ap/psychology/question-246.html,recovered,,,ok_parent
10173,ori_mmlu-conceptual_physics,physics,10,F,reduces by 4,conceptual_physics#184,reduces by 4,4,False,True,reduces by 4,reduces by 4,False,True,ok,https://www.toppr.com/ask/en-gb/question/when-an-alphaparticle-is-ejected-the-atomic-number-of-the-atom-decreases-by/,recovered,,,ok_parent
1709,ori_mmlu-professional_law,law,10,B,sustain the objection as an offer to pay the medical bills.,professional_law#390,sustain the objection as an offer to pay the medical bills.,4,False,True,sustain the objection as an offer to pay the medical bills.,sustain the objection as an offer to pay the medical bills.,False,False,,,,,,
7155,ori_mmlu-high_school_macroeconomics,economics,4,A,The United States begins to import rice to make up for a domestic shortage.,high_school_macroeconomics#206,The United States begins to import rice to make up for a domestic shortage.,4,False,True,The United States begins to import rice to make up for a domestic shortage.,The United States begins to import rice to make up for a domestic shortage.,False,True,ok,"https://homework.study.com/explanation/the-united-states-produces-rice-in-a-competitive-market-with-free-trade-the-world-price-is-lower-than-the-domestic-price-what-must-be-true-a-the-united-states-begins-to-export-rice-to-make-up-for-a-domestic-shortage-b-the-united-states-begins-to-im.html#:~:text=Assuming%20that%20there%20is%20a,importing%20rice%20from%20other%20countries.",recovered,The United States begins to import rice to make up for a domestic shortage.,,ok_parent
2149,ori_mmlu-professional_psychology,psychology,10,C,there are aggressive cues in the environment.,professional_psychology#438,there are aggressive cues in the environment.,4,False,True,there are aggressive cues in the environment.,there are aggressive cues in the environment.,False,True,ok,https://www.brainscape.com/flashcards/eppp-test-questions-6893798/packs/10974337,recovered,,,ok_parent
2274,ori_mmlu-professional_psychology,psychology,9,F,"in the later stages, each partner's behavior has become more predictable.",professional_psychology#543,"in the later stages, each partner's behavior has become more predictable.",4,False,True,"in the later stages, each partner's behavior has become more predictable.","in the later stages, each partner's behavior has become more predictable.",False,False,,,,,,
1626,ori_mmlu-professional_law,law,9,A,"not guilty, provided that the legislative intent was not to make the purchase of shotguns a criminal offense.",professional_law#889,"not guilty, provided that the legislative intent was not to make the purchase of shotguns a criminal offense.",3,False,True,"not guilty, provided that the legislative intent was not to make the purchase of shotguns a criminal offense.","not guilty, provided that the legislative intent was not to make the purchase of shotguns a criminal offense.",False,False,,,,,,
5118,ori_mmlu-professional_accounting,other,10,J,"Not independent and, therefore, may issue a compilation report, but may not issue a review report.",professional_accounting#103,"Not independent and, therefore, may issue a compilation report, but may not issue a review report.",4,False,True,"Not independent and, therefore, may issue a compilation report, but may not issue a review report.","Not independent and, therefore, may issue a compilation report, but may not issue a review report.",False,True,ok,"https://quizlet.com/69551972/compilation-and-review-of-financial-statements-flash-cards/#:~:text=If%20requested%20to%20perform%20a,may%20issue%20a%20compilation%20report.&text=Applied%20to%20compilations%20and%20reviews%20of%20FS%20for%20privet%20companies.",recovered,,,ok_parent
9425,ori_mmlu-conceptual_physics,physics,10,C,0.8 N,conceptual_physics#47,0.8 N,4,False,True,0.8 N,0.8 N,False,True,ok,https://brainly.com/question/29661150,recovered,,,ok_parent
2572,ori_mmlu-professional_psychology,psychology,10,G,Adler.,professional_psychology#282,Adler.,4,False,True,Adler.,Adler.,False,False,,,,,,
5507,ori_mmlu-security_studies,other,8,H,"Now of fundamental importance to peace studies as a field of research, the creation of journals was not a prominent feature of the peace studies until late in the twentieth century.",security_studies#144,"Now of fundamental importance to peace studies as a field of research, the creation of journals was not a prominent feature of the peace studies until late in the twentieth century.",4,False,True,"Now of fundamental importance to peace studies as a field of research, the creation of journals was not a prominent feature of the peace studies until late in the twentieth century.","Now of fundamental importance to peace studies as a field of research, the creation of journals was not a prominent feature of the peace studies until late in the twentieth century.",False,True,ok,https://learninglink.oup.com/access/content/collins6e-student-resources/collins6e-chapter-5-self-test-questions,recovered,,,ok_parent
8003,ori_mmlu-abstract_algebra,math,10,J,0,abstract_algebra#41,0,4,False,True,0,0,False,True,ok,in 3Z there is no positive characteristic.,recovered,,,ok_parent
6515,ori_mmlu-nutrition,health,10,B,1.2-1.7 g protein per kg bodyweight per day,nutrition#275,1.2-1.7 g protein per kg bodyweight per day,4,False,True,1.2-1.7 g protein per kg bodyweight per day,1.2-1.7 g protein per kg bodyweight per day,False,False,,,,,,
3331,ori_mmlu-high_school_biology,biology,10,D,Short loops of Henle to maximize water secretion,high_school_biology#236,Short loops of Henle to maximize water secretion,4,False,True,Short loops of Henle to maximize water secretion,Short loops of Henle to maximize water secretion,False,False,,,,,,
128,ori_mmlu-marketing,business,10,J,Performance-value.,marketing#3,Performance-value.,4,False,True,Performance-value.,Performance-value.,False,True,ok,"Marketing, second edition",recovered,,,ok_parent
7495,ori_mmlu-high_school_macroeconomics,economics,9,F,increases decreases surplus,high_school_macroeconomics#360,increases decreases surplus,4,False,True,increases decreases surplus,increases decreases surplus,False,False,,,,,,
5299,ori_mmlu-sociology,other,10,H,"the conscious part of the mind that regulates emotional drives on a practical, rational level",sociology#181,"the conscious part of the mind that regulates emotional drives on a practical, rational level",4,False,True,"the conscious part of the mind that regulates emotional drives on a practical, rational level","the conscious part of the mind that regulates emotional drives on a practical, rational level",False,True,ok,https://global.oup.com/uk/orc/sociology/fulcher4e/01student/mcqs/ch04/,recovered,,,ok_parent
4695,ori_mmlu-high_school_european_history,history,10,J,Triple Entente (1907),high_school_european_history#77,Triple Entente (1907),4,False,True,Triple Entente (1907),Triple Entente (1907),False,False,,,,,,
10494,ori_mmlu-machine_learning,computer science,4,D,A combination of ReLUs such as $ReLU(x) - ReLU(x-1)$ is convex.,machine_learning#109,A combination of ReLUs such as $ReLU(x) - ReLU(x-1)$ is convex.,4,False,True,A combination of ReLUs such as $ReLU(x) - ReLU(x-1)$ is convex.,A combination of ReLUs such as $ReLU(x) - ReLU(x-1)$ is convex.,False,True,ok,Expert,expert,,,ok_parent
7184,ori_mmlu-econometrics,economics,9,D,VARs often produce better forecasts than simultaneous equation structural models,econometrics#42,VARs often produce better forecasts than simultaneous equation structural models,3,False,True,VARs often produce better forecasts than simultaneous equation structural models,VARs often produce better forecasts than simultaneous equation structural models,False,True,ok,Introductory Econometrics for Finance - Chapter 6 (cambridge.org),recovered,,,ok_parent
8775,ori_mmlu-abstract_algebra,math,10,A,1,abstract_algebra#12,1,4,False,True,1,1,False,True,ok,"The order of the subgroup generated by <1, 1> is order 165, so the associated quotient is of order 165/165 = 1",recovered,,,ok_parent
1102,ori_mmlu-professional_law,law,9,H,"admitted, because the marital communication privilege is inapplicable in a lawsuit involving the parties.",professional_law#913,"admitted, because the marital communication privilege is inapplicable in a lawsuit involving the parties.",4,False,True,"admitted, because the marital communication privilege is inapplicable in a lawsuit involving the parties.","admitted, because the marital communication privilege is inapplicable in a lawsuit involving the parties.",False,False,,,,,,
2783,ori_mmlu-high_school_psychology,psychology,10,I,phallic stage.,high_school_psychology#524,phallic stage.,4,False,True,phallic stage.,phallic stage.,False,False,,,,,,
7223,ori_mmlu-high_school_macroeconomics,economics,10,A,Net exports and GDP both fall.,high_school_macroeconomics#84,Net exports and GDP both fall.,4,False,True,Net exports and GDP both fall.,Net exports and GDP both fall.,False,True,ok,https://www.crackap.com/ap/macroeconomics/question-1.html,recovered,Net exports and GDP both fall.,,ok_parent
