pro_qid,negated,key,consensus,redux
11359,False,G,C,
11891,False,B,I,ok
12129,False,I,C,ok
6030,False,G,H,
6031,False,B,E,ok
6032,False,A,G,ok
6045,True,E,D,
6092,False,G,A,
6142,False,A,F,
6159,False,I,H,ok
6173,False,E,J,ok
6184,False,E,H,
6197,False,F,C,ok
6199,False,D,A,ok
6214,True,G,H,
6215,False,J,C,ok
6248,True,H,I,
6249,True,H,I,
6260,False,D,I,
6290,False,C,J,bad question clarity
6330,False,H,B,ok
6405,False,A,G,
6409,True,B,D,ok
6415,False,E,H,ok
6432,False,J,F,
6435,False,G,B,
6436,False,G,B,
6485,False,E,I,
6486,False,G,D,ok
6493,False,I,D,
6494,False,I,D,
6501,True,E,B,ok
6502,True,E,B,ok
6517,False,F,I,
6523,False,G,F,ok
6551,False,A,C,ok
6598,True,E,C,ok
6599,False,I,G,ok
6632,False,H,C,
6660,False,A,E,ok
6672,False,C,D,ok
6673,False,C,D,ok
6674,False,I,C,ok
6675,False,I,C,ok
6704,False,I,H,
6715,False,A,H,
6730,False,I,F,ok
6781,False,E,H,
6824,False,H,D,
6659,True,G,B,ok
6664,False,I,H,
6685,True,B,I,ok
6686,True,B,I,ok
6728,False,D,I,ok
9109,False,G,I,ok
9209,False,G,C,
9261,True,F,C,ok
9634,False,G,E,ok
9685,False,G,C,ok
9877,True,I,G,ok
9993,True,A,E,ok
10048,False,B,H,ok
10103,True,I,A,ok
10210,False,B,I,bad question clarity
10252,False,F,E,ok
10327,True,A,C,ok
9105,False,B,I,ok
9169,True,F,A,ok
81,True,G,C,
495,True,B,C,expert
500,False,C,D,ok
503,False,C,A,
633,True,I,D,ok
684,True,D,B,ok
691,False,F,D,ok
762,True,F,I,
3542,False,A,J,bad question clarity
3625,False,H,G,
4249,False,E,F,
4348,False,I,G,no correct answer
4424,True,C,A,ok
7727,False,F,J,
7912,True,I,H,
7935,False,E,B,
8006,False,A,C,
8574,False,B,I,ok
8672,False,E,I,
10397,False,G,B,ok
10421,True,C,B,ok
10428,False,J,B,ok
10450,False,G,J,ok
10532,False,B,I,ok
10599,False,F,C,ok
10633,True,I,C,bad options clarity
10649,True,F,E,ok
10724,True,E,C,ok
10750,False,A,D,ok
887,False,A,D,ok
909,True,B,C,
918,False,J,A,
919,False,E,A,
920,True,H,J,
946,True,B,A,
986,False,B,A,
1048,True,C,A,
1063,True,A,G,
1117,False,D,C,
1123,True,D,A,
1139,False,I,H,
1160,False,E,G,
1166,False,I,E,
1177,False,G,C,
1181,True,H,C,
1200,False,D,E,
1257,True,H,C,
1277,False,B,C,
1282,False,F,E,
1287,False,D,A,ok
1362,False,D,I,
1365,False,H,D,
1371,False,F,J,
1406,True,B,A,
1423,False,G,D,
1424,False,H,F,
1428,False,D,F,
1451,True,B,A,
1462,False,C,H,
1514,True,H,A,
1556,False,B,F,
1566,True,E,B,
1567,False,H,I,ok
1569,True,A,G,
1576,True,J,A,ok
1607,True,H,E,
1608,True,C,D,ok
1636,True,F,E,
1662,True,I,C,ok
1688,True,J,C,
1699,True,D,B,
1705,False,I,E,
1712,False,E,B,
1723,True,J,F,
1752,False,A,E,ok
1775,True,E,J,
1782,False,C,E,
1805,True,A,C,
1819,False,G,A,
1841,False,B,H,
1844,False,B,C,
1845,True,D,E,
1864,False,J,I,
1871,False,H,I,
1887,True,D,C,
1913,False,E,H,
1927,True,D,B,
1940,False,G,A,ok
1958,False,F,I,
1970,True,F,G,ok
10800,False,H,F,
10817,False,H,G,ok
10890,True,E,A,
10893,False,E,G,
10907,False,D,C,
10993,True,E,J,
11022,False,H,E,ok
11023,False,D,C,ok
11042,False,D,I,
11057,True,E,B,
11089,False,G,D,
11140,False,A,C,ok
11193,False,C,D,ok
11201,False,E,C,
11266,False,I,B,
11268,False,I,D,
11130,False,D,C,
5061,False,B,C,ok
5076,False,B,A,
5128,False,C,D,ok
5135,True,C,B,ok
5160,False,J,H,ok
5204,True,G,I,
5220,False,G,B,ok
5222,True,E,B,ok
5298,True,F,E,
5299,False,H,J,ok
5325,False,I,E,
5331,False,D,E,
5363,True,B,A,ok
5364,False,C,A,
5367,True,D,B,ok
5377,False,F,H,ok
5399,False,D,E,ok
5401,False,E,B,
5427,False,C,G,ok
5437,False,E,C,ok
5442,False,G,H,ok
5488,True,D,F,ok
5491,True,C,A,ok
5507,True,H,F,ok
5518,False,H,D,
5528,False,D,C,no correct answer
5544,True,A,G,
5607,False,H,B,
5624,True,A,G,
5636,False,B,E,
5672,False,F,E,ok
5674,False,B,C,ok
5694,False,H,C,
5717,False,E,B,
5769,False,B,H,
5860,True,H,A,ok
5863,False,D,H,ok
5866,True,G,C,
5876,False,J,A,ok
5944,False,F,C,
5945,False,I,C,ok
5956,False,G,A,ok
2016,False,C,H,
2023,False,E,B,ok
2026,True,I,E,ok
2028,False,G,J,
2030,False,F,J,
2078,False,J,H,
2080,False,D,B,
2146,False,H,D,
2175,True,G,F,ok
2207,False,J,F,
2227,False,I,C,
2262,True,J,H,
2290,True,A,B,
2347,False,F,C,
2446,True,D,E,
2453,True,B,C,
2506,True,G,B,
2510,True,G,D,
2530,False,C,B,
2532,False,B,H,
2587,False,C,F,
2588,False,C,G,
2650,False,H,B,
2656,False,I,C,
2767,True,F,E,
2770,True,G,C,ok
4678,False,J,F,ok
4682,False,B,D,ok
4683,False,D,F,
4684,False,F,D,
4687,False,A,D,
4690,True,I,A,ok
4695,False,J,D,
4719,False,J,C,ok
4720,False,B,E,ok
4804,False,G,E,ok
4854,False,H,B,
4890,False,E,G,ok
4896,False,C,D,
4911,False,B,C,ok
4920,False,B,G,
4945,False,J,E,ok
4946,False,A,J,bad question clarity
4949,False,F,H,ok
4952,False,A,G,
4980,False,C,A,ok
4981,False,B,D,
4987,False,B,E,bad options clarity
4994,False,F,H,ok
5017,False,F,G,
5018,False,F,G,
5024,False,D,A,bad options clarity
5025,False,A,I,ok
5040,True,H,E,ok
5049,False,G,J,ok
5051,False,H,G,ok
6839,False,D,A,
6904,False,G,A,
6968,False,A,E,
6970,False,B,I,
6981,False,J,B,
7045,False,E,C,ok
7046,False,I,F,
7051,False,J,A,ok
7054,False,C,B,ok
7056,False,C,A,ok
7104,False,J,F,
7107,False,B,A,
7114,False,G,F,ok
7157,False,E,D,
7162,False,B,C,
7170,False,H,D,
7232,False,G,A,ok
7237,True,I,C,ok
7296,False,D,B,ok
7298,False,D,C,ok
7317,False,F,C,ok
7375,False,I,H,ok
7422,False,D,G,
7443,True,F,E,
7449,True,G,H,ok
7484,False,B,E,ok
7564,False,D,A,
7642,False,E,I,
3000,False,I,J,
3050,False,D,H,
3122,False,H,C,
3160,False,G,E,
3202,True,J,E,
3331,True,D,A,
3393,False,G,D,ok
3491,False,A,E,
3495,False,D,G,
