subject,items,defects,sourced,nodes_5plus,random_B20,adaptive_sibling_B20,node_screen_B20,lift_adaptive_B20,lift_screen_B20,random_B40,adaptive_sibling_B40,node_screen_B40,lift_adaptive_B40,lift_screen_B40
abstract_algebra,100,9,99,0,1.85,1.77,1.92,0.96,1.04,3.6,3.55,3.92,0.99,1.09
anatomy,100,1,100,4,0.19,0.21,0.02,1.11,0.11,0.39,0.41,0.29,1.05,0.74
astronomy,100,6,35,0,1.23,1.26,1.69,1.02,1.37,2.38,2.39,3.23,1.0,1.36
business_ethics,100,14,99,11,2.8,3.38,2.66,1.21,0.95,5.55,6.76,5.74,1.22,1.03
clinical_knowledge,100,1,100,3,0.18,0.2,0.22,1.11,1.22,0.4,0.39,0.46,0.97,1.15
college_biology,100,2,95,2,0.41,0.37,0.42,0.9,1.02,0.81,0.7,0.69,0.86,0.85
college_chemistry,100,25,96,3,4.99,11.62,13.01,2.33,2.61,9.99,17.88,18.5,1.79,1.85
college_computer_science,100,3,60,1,0.58,0.6,1.3,1.03,2.24,1.18,1.16,2.14,0.98,1.81
college_mathematics,100,1,0,0,0.21,0.21,0.2,1.0,0.95,0.39,0.41,0.39,1.05,1.0
college_medicine,100,4,88,5,0.8,0.76,1.03,0.95,1.29,1.61,1.57,2.11,0.98,1.31
college_physics,100,0,100,0,0,0,0,,,0,0,0,,
computer_security,100,3,99,1,0.61,0.85,0.38,1.39,0.62,1.18,1.61,0.77,1.36,0.65
conceptual_physics,100,5,90,0,1.04,0.99,1.06,0.95,1.02,1.99,2.03,2.23,1.02,1.12
econometrics,100,3,100,8,0.6,0.69,0.65,1.15,1.08,1.22,1.49,1.45,1.22,1.19
electrical_engineering,100,2,1,0,0.38,0.4,1.18,1.05,3.11,0.78,0.8,1.39,1.03,1.78
elementary_mathematics,100,3,0,0,0.6,0.59,0.59,0.98,0.98,1.17,1.15,1.18,0.98,1.01
formal_logic,100,13,1,0,2.58,2.61,2.51,1.01,0.97,5.32,5.21,5.02,0.98,0.94
global_facts,100,12,96,0,2.4,2.71,1.84,1.13,0.77,4.77,5.26,3.66,1.1,0.77
high_school_biology,100,5,99,0,1.01,0.97,1.08,0.96,1.07,1.96,1.99,2.1,1.02,1.07
high_school_chemistry,100,1,100,0,0.19,0.19,0.2,1.0,1.05,0.4,0.39,0.39,0.97,0.97
high_school_computer_science,100,0,15,0,0,0,0,,,0,0,0,,
high_school_european_history,100,9,1,0,1.81,1.8,1.72,0.99,0.95,3.66,3.62,3.61,0.99,0.99
high_school_geography,100,0,100,1,0,0,0,,,0,0,0,,
high_school_government_and_politics,100,0,100,0,0,0,0,,,0,0,0,,
high_school_macroeconomics,100,3,100,0,0.6,0.59,0.37,0.98,0.62,1.2,1.21,0.77,1.01,0.64
high_school_mathematics,100,1,0,0,0.2,0.2,0.2,1.0,1.0,0.39,0.41,0.41,1.05,1.05
high_school_microeconomics,100,2,99,0,0.4,0.42,0.2,1.05,0.5,0.81,0.81,0.4,1.0,0.49
high_school_physics,100,3,100,0,0.6,0.6,0.62,1.0,1.03,1.2,1.2,1.21,1.0,1.01
high_school_psychology,100,4,100,0,0.78,0.8,0.77,1.03,0.99,1.65,1.57,1.63,0.95,0.99
high_school_statistics,100,2,2,0,0.39,0.4,2,1.03,5.13,0.84,0.81,2,0.96,2.38
high_school_us_history,100,0,100,0,0,0,0,,,0,0,0,,
high_school_world_history,100,1,100,0,0.19,0.2,0.2,1.05,1.05,0.41,0.4,0.4,0.98,0.98
human_aging,100,12,93,12,2.39,2.34,1.8,0.98,0.75,4.75,4.84,4.57,1.02,0.96
human_sexuality,100,17,51,2,3.4,3.17,2.73,0.93,0.8,6.85,6.23,6.11,0.91,0.89
international_law,100,5,0,0,1.0,1.0,0.96,1.0,0.96,1.96,2.0,2.0,1.02,1.02
jurisprudence,100,1,1,0,0.19,0.19,0.19,1.0,1.0,0.41,0.39,0.39,0.95,0.95
logical_fallacies,100,26,16,0,5.24,5.42,11.7,1.03,2.23,10.35,10.72,15.25,1.04,1.47
machine_learning,100,11,67,2,2.23,2.18,2.3,0.98,1.03,4.4,4.3,4.58,0.98,1.04
management,100,0,100,12,0,0,0,,,0,0,0,,
marketing,100,4,82,5,0.79,0.71,1.21,0.9,1.53,1.61,1.48,2.25,0.92,1.4
medical_genetics,100,0,100,5,0,0,0,,,0,0,0,,
miscellaneous,100,10,0,0,2.0,1.99,1.96,0.99,0.98,3.95,3.97,4.03,1.01,1.02
moral_disputes,100,4,1,0,0.8,0.78,1.55,0.97,1.94,1.6,1.64,2.17,1.02,1.36
moral_scenarios,100,3,0,0,0.61,0.61,0.6,1.0,0.98,1.22,1.24,1.21,1.02,0.99
nutrition,100,2,100,6,0.38,0.4,0.47,1.05,1.24,0.81,0.8,0.84,0.99,1.04
philosophy,100,0,89,1,0,0,0,,,0,0,0,,
prehistory,100,0,100,12,0,0,0,,,0,0,0,,
professional_accounting,100,6,82,0,1.18,1.2,1.28,1.02,1.08,2.41,2.39,2.63,0.99,1.09
professional_law,100,18,8,0,3.57,3.53,5.4,0.99,1.51,7.19,7.11,8.51,0.99,1.18
professional_medicine,100,1,91,6,0.22,0.2,0.07,0.91,0.32,0.38,0.39,0.33,1.03,0.87
professional_psychology,100,4,97,5,0.82,0.84,0.73,1.02,0.89,1.59,1.8,1.63,1.13,1.03
public_relations,100,9,91,5,1.8,1.63,4.95,0.91,2.75,3.61,3.35,6.73,0.93,1.86
security_studies,100,6,100,1,1.17,1.7,2.4,1.45,2.05,2.37,2.8,3.37,1.18,1.42
sociology,100,2,100,10,0.41,0.39,0.27,0.95,0.66,0.8,0.77,0.59,0.96,0.74
us_foreign_policy,100,1,98,9,0.19,0.22,0.14,1.16,0.74,0.42,0.42,0.38,1.0,0.9
virology,100,57,89,3,11.37,12.69,13.0,1.12,1.14,22.89,25.6,25.68,1.12,1.12
world_religions,100,1,100,10,0.2,0.2,0.17,1.0,0.85,0.42,0.4,0.4,0.95,0.95
